customer_id,customer_type,jurisdiction,pep_flag,adverse_media_flag,expected_monthly_volume,account_age_days,kyc_quality_score,external_geo_risk,segment_id
C0001,merchant,US,False,False,10000,117,0.981,0.659,merchant_payout
C0002,consumer,US,False,True,75000,774,0.924,0.405,consumer_wallet
C0003,merchant,US,False,False,5000,910,0.751,0.827,cross_border
C0004,merchant,US,False,False,25000,189,0.873,0.646,cross_border
C0005,consumer,US,False,False,25000,160,0.796,0.232,merchant_payout
C0006,consumer,MX,False,False,75000,999,0.918,0.36,consumer_wallet
C0007,merchant,US,False,False,75000,945,0.866,0.614,merchant_payout
C0008,consumer,CA,False,False,25000,803,0.794,0.502,merchant_payout
C0009,merchant,CA,False,False,75000,41,0.782,0.222,smb_card
C0010,corporate,US,False,False,150000,355,0.865,0.496,merchant_payout
C0011,merchant,US,False,False,10000,32,0.653,0.628,smb_card
C0012,consumer,US,False,False,25000,538,0.761,0.291,smb_card
C0013,consumer,US,False,True,10000,1090,0.879,0.263,cross_border
C0014,merchant,GB,False,False,5000,120,0.954,0.415,consumer_wallet
C0015,consumer,CA,False,False,5000,911,0.886,0.396,smb_card
C0016,merchant,CA,False,False,75000,54,0.803,0.314,consumer_wallet
C0017,consumer,CA,False,True,150000,699,0.748,0.523,consumer_wallet
C0018,corporate,US,False,False,10000,586,0.802,0.8,smb_card
C0019,consumer,US,False,False,150000,529,0.628,0.711,cross_border
C0020,consumer,CA,False,False,5000,341,0.864,0.632,merchant_payout
C0021,consumer,BR,False,False,5000,668,0.757,0.714,merchant_payout
C0022,consumer,BR,False,False,150000,310,0.966,0.182,consumer_wallet
C0023,consumer,BR,False,False,150000,1069,0.951,0.465,consumer_wallet
C0024,merchant,CA,False,False,75000,897,0.717,0.799,consumer_wallet
C0025,consumer,MX,False,False,10000,721,0.944,0.207,consumer_wallet
C0026,merchant,BR,False,False,150000,21,0.705,0.155,merchant_payout
C0027,consumer,US,False,False,25000,243,0.918,0.622,merchant_payout
C0028,consumer,US,False,False,150000,364,0.801,0.58,cross_border
C0029,consumer,BR,False,False,5000,762,0.659,0.162,smb_card
C0030,corporate,CA,False,False,25000,563,0.91,0.064,consumer_wallet
C0031,merchant,MX,False,False,75000,729,0.941,0.532,smb_card
C0032,consumer,US,False,False,10000,547,0.712,0.239,merchant_payout
C0033,merchant,US,False,False,10000,179,0.925,0.298,consumer_wallet
C0034,corporate,US,False,False,25000,143,0.628,0.094,consumer_wallet
C0035,consumer,CA,False,False,150000,384,0.807,0.75,cross_border
C0036,consumer,US,False,False,75000,687,0.774,0.089,consumer_wallet
C0037,consumer,US,False,False,25000,1110,0.657,0.725,cross_border
C0038,corporate,MX,False,False,75000,935,0.67,0.479,smb_card
C0039,corporate,US,False,False,10000,323,0.672,0.432,smb_card
C0040,consumer,US,False,False,25000,458,0.874,0.288,cross_border
C0041,corporate,US,False,False,150000,1019,0.861,0.694,smb_card
C0042,merchant,US,False,False,25000,835,0.938,0.156,smb_card
C0043,consumer,GB,False,True,75000,169,0.975,0.691,smb_card
C0044,merchant,MX,True,False,75000,710,0.655,0.543,consumer_wallet
C0045,merchant,CA,False,False,75000,917,0.916,0.444,smb_card
C0046,corporate,US,False,False,25000,791,0.775,0.669,merchant_payout
C0047,consumer,MX,False,False,75000,440,0.736,0.176,consumer_wallet
C0048,corporate,US,False,False,5000,665,0.966,0.674,smb_card
C0049,consumer,BR,False,True,25000,146,0.935,0.56,consumer_wallet
C0050,merchant,GB,False,False,75000,991,0.729,0.417,smb_card
C0051,consumer,BR,False,False,10000,1196,0.945,0.277,merchant_payout
C0052,consumer,BR,False,False,75000,113,0.952,0.073,consumer_wallet
C0053,consumer,GB,False,True,10000,789,0.633,0.054,consumer_wallet
C0054,merchant,MX,False,False,10000,73,0.916,0.792,merchant_payout
C0055,merchant,MX,False,False,5000,154,0.807,0.646,smb_card
C0056,corporate,US,False,False,5000,328,0.883,0.834,smb_card
C0057,consumer,CA,False,False,25000,852,0.684,0.123,consumer_wallet
C0058,corporate,US,False,False,150000,689,0.674,0.807,consumer_wallet
C0059,merchant,GB,False,True,5000,182,0.808,0.373,smb_card
C0060,consumer,US,False,False,75000,516,0.846,0.558,smb_card
C0061,consumer,US,False,False,150000,48,0.775,0.429,consumer_wallet
C0062,merchant,CA,False,False,25000,784,0.737,0.68,smb_card
C0063,consumer,CA,False,False,150000,885,0.948,0.787,smb_card
C0064,consumer,MX,False,False,10000,595,0.663,0.108,merchant_payout
C0065,consumer,US,False,False,75000,380,0.895,0.062,merchant_payout
C0066,corporate,US,False,False,75000,148,0.755,0.817,cross_border
C0067,merchant,US,False,False,75000,468,0.857,0.059,consumer_wallet
C0068,consumer,US,False,False,150000,1187,0.826,0.721,cross_border
C0069,consumer,US,False,False,150000,907,0.78,0.425,consumer_wallet
C0070,consumer,BR,False,False,5000,354,0.801,0.519,smb_card
C0071,consumer,US,False,False,25000,780,0.868,0.66,consumer_wallet
C0072,consumer,US,False,False,10000,581,0.904,0.732,smb_card
C0073,corporate,CA,False,False,25000,601,0.817,0.134,consumer_wallet
C0074,corporate,CA,False,False,10000,233,0.629,0.792,smb_card
C0075,consumer,CA,False,False,5000,845,0.854,0.835,smb_card
C0076,consumer,GB,False,False,10000,1156,0.909,0.743,consumer_wallet
C0077,merchant,US,False,False,25000,1163,0.984,0.281,merchant_payout
C0078,merchant,US,False,False,25000,933,0.801,0.838,smb_card
C0079,corporate,US,False,False,10000,668,0.917,0.79,merchant_payout
C0080,consumer,US,False,False,150000,811,0.884,0.669,cross_border
C0081,merchant,MX,False,False,5000,748,0.938,0.054,smb_card
C0082,merchant,US,False,False,75000,807,0.708,0.732,consumer_wallet
C0083,corporate,US,False,False,5000,333,0.948,0.2,consumer_wallet
C0084,consumer,GB,False,True,75000,359,0.771,0.159,smb_card
C0085,corporate,GB,False,False,25000,1098,0.804,0.157,consumer_wallet
C0086,consumer,US,False,False,150000,763,0.747,0.386,cross_border
C0087,merchant,US,False,False,10000,285,0.74,0.777,smb_card
C0088,merchant,CA,False,False,150000,293,0.739,0.174,cross_border
C0089,consumer,CA,False,False,75000,528,0.796,0.846,merchant_payout
C0090,merchant,BR,False,False,5000,676,0.658,0.572,cross_border
C0091,consumer,US,False,True,75000,128,0.635,0.247,consumer_wallet
C0092,consumer,US,False,False,150000,138,0.762,0.098,merchant_payout
C0093,consumer,US,False,False,5000,6,0.661,0.74,consumer_wallet
C0094,consumer,US,False,False,25000,937,0.931,0.258,consumer_wallet
C0095,consumer,US,False,False,75000,400,0.964,0.089,smb_card
C0096,merchant,US,False,False,5000,1102,0.623,0.201,consumer_wallet
C0097,consumer,CA,False,False,10000,710,0.934,0.054,cross_border
C0098,merchant,US,False,False,10000,308,0.96,0.414,smb_card
C0099,corporate,US,False,False,25000,960,0.842,0.223,smb_card
C0100,consumer,US,False,False,10000,27,0.681,0.63,merchant_payout
C0101,merchant,US,False,False,10000,155,0.673,0.604,consumer_wallet
C0102,consumer,BR,False,False,25000,1191,0.836,0.152,cross_border
C0103,corporate,US,False,False,75000,65,0.84,0.286,merchant_payout
C0104,merchant,US,False,False,150000,1049,0.714,0.539,smb_card
C0105,consumer,GB,False,False,10000,911,0.984,0.385,smb_card
C0106,consumer,MX,False,False,150000,117,0.949,0.366,merchant_payout
C0107,consumer,BR,False,False,150000,1031,0.958,0.22,smb_card
C0108,merchant,MX,False,False,5000,891,0.891,0.676,smb_card
C0109,consumer,BR,False,False,25000,124,0.696,0.645,consumer_wallet
C0110,corporate,US,False,False,75000,476,0.738,0.537,smb_card
C0111,consumer,CA,False,False,5000,240,0.76,0.365,consumer_wallet
C0112,consumer,GB,False,True,75000,296,0.657,0.653,cross_border
C0113,consumer,US,False,False,5000,564,0.716,0.086,smb_card
C0114,corporate,CA,False,False,10000,306,0.729,0.662,cross_border
C0115,corporate,BR,True,True,25000,90,0.671,0.294,smb_card
C0116,consumer,MX,False,False,25000,202,0.714,0.178,cross_border
C0117,merchant,GB,False,False,150000,488,0.901,0.668,consumer_wallet
C0118,corporate,US,False,False,10000,321,0.933,0.194,smb_card
C0119,consumer,US,False,False,25000,1050,0.746,0.475,consumer_wallet
C0120,consumer,US,True,False,5000,933,0.812,0.442,smb_card
