rule_result_id,customer_id,rule_id,rule_version,feature_version,typology_family,segment_id,observation_start,observation_end,rule_reason,rule_severity,customer_eligible,transaction_eligible,triggered,raw_trigger_retained,suppression_applied,suppression_policy_id,alert_generated,suppression_reason,evidence_count,evidence_amount,evidence_transaction_ids,threshold,data_quality_status
RR-EA27A11265A0,C0027,TM-STRUCT-001,TM-RULES-2.0,AML-FEATURES-2.0,threshold_avoidance,merchant_payout,2026-03-24T23:59:59+00:00,2026-03-31T23:59:59+00:00,Potential threshold avoidance,4,True,True,False,False,False,,False,,1,9273.96,T000924,configured_threshold,passed
RR-D1232A9776A6,C0001,TM-GEO-001,TM-RULES-2.0,AML-FEATURES-2.0,high_risk_geography,merchant_payout,2026-03-01T23:59:59+00:00,2026-03-31T23:59:59+00:00,Higher-risk geography exposure,3,True,True,True,True,False,,True,,4,3660.54,T000023;T000034;T000026;T000038,configured_threshold,passed
RR-77A1951D2292,C0011,TM-GEO-001,TM-RULES-2.0,AML-FEATURES-2.0,high_risk_geography,smb_card,2026-03-01T23:59:59+00:00,2026-03-31T23:59:59+00:00,Higher-risk geography exposure,3,True,True,False,False,False,,False,,1,486.41,T000385,configured_threshold,passed
RR-5D13097AE6C3,C0012,TM-GEO-001,TM-RULES-2.0,AML-FEATURES-2.0,high_risk_geography,smb_card,2026-03-01T23:59:59+00:00,2026-03-31T23:59:59+00:00,Higher-risk geography exposure,3,True,True,False,False,False,,False,,2,2629.9,T000420;T000410,configured_threshold,passed
RR-B8086128E13E,C0013,TM-GEO-001,TM-RULES-2.0,AML-FEATURES-2.0,high_risk_geography,cross_border,2026-03-01T23:59:59+00:00,2026-03-31T23:59:59+00:00,Higher-risk geography exposure,3,True,True,False,False,False,,False,,2,1113.83,T000444;T000470,configured_threshold,passed
RR-62DA46018FC6,C0015,TM-GEO-001,TM-RULES-2.0,AML-FEATURES-2.0,high_risk_geography,smb_card,2026-03-01T23:59:59+00:00,2026-03-31T23:59:59+00:00,Higher-risk geography exposure,3,True,True,False,False,False,,False,,1,833.67,T000539,configured_threshold,passed
RR-9D3E50063A35,C0018,TM-GEO-001,TM-RULES-2.0,AML-FEATURES-2.0,high_risk_geography,smb_card,2026-03-01T23:59:59+00:00,2026-03-31T23:59:59+00:00,Higher-risk geography exposure,3,True,True,False,False,False,,False,,1,853.89,T000595,configured_threshold,passed
RR-6654E347E9C2,C0019,TM-GEO-001,TM-RULES-2.0,AML-FEATURES-2.0,high_risk_geography,cross_border,2026-03-01T23:59:59+00:00,2026-03-31T23:59:59+00:00,Higher-risk geography exposure,3,True,True,True,True,False,,True,,5,7896.15,T000671;T000640;T000615;T000658;T000651,configured_threshold,passed
RR-790B566882D6,C0020,TM-GEO-001,TM-RULES-2.0,AML-FEATURES-2.0,high_risk_geography,merchant_payout,2026-03-01T23:59:59+00:00,2026-03-31T23:59:59+00:00,Higher-risk geography exposure,3,True,True,False,False,False,,False,,1,1807.54,T000686,configured_threshold,passed
RR-8EAC2980ECA1,C0021,TM-GEO-001,TM-RULES-2.0,AML-FEATURES-2.0,high_risk_geography,merchant_payout,2026-03-01T23:59:59+00:00,2026-03-31T23:59:59+00:00,Higher-risk geography exposure,3,True,True,False,False,False,,False,,2,2106.22,T000712;T000716,configured_threshold,passed
RR-FF3FC0341881,C0022,TM-GEO-001,TM-RULES-2.0,AML-FEATURES-2.0,high_risk_geography,consumer_wallet,2026-03-01T23:59:59+00:00,2026-03-31T23:59:59+00:00,Higher-risk geography exposure,3,True,True,False,False,False,,False,,2,2971.43,T000750;T000754,configured_threshold,passed
RR-CA3B5F82F61F,C0023,TM-GEO-001,TM-RULES-2.0,AML-FEATURES-2.0,high_risk_geography,consumer_wallet,2026-03-01T23:59:59+00:00,2026-03-31T23:59:59+00:00,Higher-risk geography exposure,3,True,True,False,False,False,,False,,2,811.38,T000795;T000790,configured_threshold,passed
RR-6A1A8CA89FD8,C0024,TM-GEO-001,TM-RULES-2.0,AML-FEATURES-2.0,high_risk_geography,consumer_wallet,2026-03-01T23:59:59+00:00,2026-03-31T23:59:59+00:00,Higher-risk geography exposure,3,True,True,False,False,False,,False,,1,531.83,T000817,configured_threshold,passed
RR-0CD15A342480,C0026,TM-GEO-001,TM-RULES-2.0,AML-FEATURES-2.0,high_risk_geography,merchant_payout,2026-03-01T23:59:59+00:00,2026-03-31T23:59:59+00:00,Higher-risk geography exposure,3,True,True,False,False,False,,False,,2,2653.73,T000849;T000861,configured_threshold,passed
RR-F77C1B6BE9CE,C0027,TM-GEO-001,TM-RULES-2.0,AML-FEATURES-2.0,high_risk_geography,merchant_payout,2026-03-01T23:59:59+00:00,2026-03-31T23:59:59+00:00,Higher-risk geography exposure,3,True,True,False,False,False,,False,,1,892.89,T000898,configured_threshold,passed
RR-ADA5AEB859CE,C0028,TM-GEO-001,TM-RULES-2.0,AML-FEATURES-2.0,high_risk_geography,cross_border,2026-03-01T23:59:59+00:00,2026-03-31T23:59:59+00:00,Higher-risk geography exposure,3,True,True,False,False,False,,False,,3,5593.72,T000937;T000952;T000951,configured_threshold,passed
RR-30E9477D84A0,C0029,TM-GEO-001,TM-RULES-2.0,AML-FEATURES-2.0,high_risk_geography,smb_card,2026-03-01T23:59:59+00:00,2026-03-31T23:59:59+00:00,Higher-risk geography exposure,3,True,True,False,False,False,,False,,1,1110.15,T000960,configured_threshold,passed
RR-6BCA2CBCC82F,C0031,TM-GEO-001,TM-RULES-2.0,AML-FEATURES-2.0,high_risk_geography,smb_card,2026-03-01T23:59:59+00:00,2026-03-31T23:59:59+00:00,Higher-risk geography exposure,3,True,True,False,False,False,,False,,1,576.14,T001023,configured_threshold,passed
RR-833C07F09E5D,C0032,TM-GEO-001,TM-RULES-2.0,AML-FEATURES-2.0,high_risk_geography,merchant_payout,2026-03-01T23:59:59+00:00,2026-03-31T23:59:59+00:00,Higher-risk geography exposure,3,True,True,False,False,False,,False,,2,2512.81,T001050;T001076,configured_threshold,passed
RR-E600CB014DA6,C0033,TM-GEO-001,TM-RULES-2.0,AML-FEATURES-2.0,high_risk_geography,consumer_wallet,2026-03-01T23:59:59+00:00,2026-03-31T23:59:59+00:00,Higher-risk geography exposure,3,True,True,False,False,False,,False,,3,2183.81,T001093;T001095;T001083,configured_threshold,passed
RR-5C3EA11A3BE3,C0034,TM-GEO-001,TM-RULES-2.0,AML-FEATURES-2.0,high_risk_geography,consumer_wallet,2026-03-01T23:59:59+00:00,2026-03-31T23:59:59+00:00,Higher-risk geography exposure,3,True,True,False,False,False,,False,,1,2846.29,T001115,configured_threshold,passed
RR-8E5DFEA0DF07,C0035,TM-GEO-001,TM-RULES-2.0,AML-FEATURES-2.0,high_risk_geography,cross_border,2026-03-01T23:59:59+00:00,2026-03-31T23:59:59+00:00,Higher-risk geography exposure,3,True,True,False,False,False,,False,,1,806.07,T001147,configured_threshold,passed
RR-BF5EBF2E749D,C0036,TM-GEO-001,TM-RULES-2.0,AML-FEATURES-2.0,high_risk_geography,consumer_wallet,2026-03-01T23:59:59+00:00,2026-03-31T23:59:59+00:00,Higher-risk geography exposure,3,True,True,False,False,False,,False,,1,648.68,T001196,configured_threshold,passed
RR-C305ECB07C21,C0037,TM-GEO-001,TM-RULES-2.0,AML-FEATURES-2.0,high_risk_geography,cross_border,2026-03-01T23:59:59+00:00,2026-03-31T23:59:59+00:00,Higher-risk geography exposure,3,True,True,False,False,False,,False,,3,1500.2,T001247;T001263;T001231,configured_threshold,passed
RR-3BFFC0F18AEC,C0038,TM-GEO-001,TM-RULES-2.0,AML-FEATURES-2.0,high_risk_geography,smb_card,2026-03-01T23:59:59+00:00,2026-03-31T23:59:59+00:00,Higher-risk geography exposure,3,True,True,False,False,False,,False,,2,1268.05,T001276;T001275,configured_threshold,passed
RR-072D94230FDF,C0040,TM-GEO-001,TM-RULES-2.0,AML-FEATURES-2.0,high_risk_geography,cross_border,2026-03-01T23:59:59+00:00,2026-03-31T23:59:59+00:00,Higher-risk geography exposure,3,True,True,False,False,False,,False,,1,388.68,T001324,configured_threshold,passed
RR-B67B339C7CB7,C0041,TM-GEO-001,TM-RULES-2.0,AML-FEATURES-2.0,high_risk_geography,smb_card,2026-03-01T23:59:59+00:00,2026-03-31T23:59:59+00:00,Higher-risk geography exposure,3,True,True,False,False,False,,False,,2,4175.49,T001348;T001392,configured_threshold,passed
RR-4582DC523C04,C0042,TM-GEO-001,TM-RULES-2.0,AML-FEATURES-2.0,high_risk_geography,smb_card,2026-03-01T23:59:59+00:00,2026-03-31T23:59:59+00:00,Higher-risk geography exposure,3,True,True,False,False,False,,False,,2,1539.56,T001402;T001401,configured_threshold,passed
RR-E172F362458E,C0044,TM-GEO-001,TM-RULES-2.0,AML-FEATURES-2.0,high_risk_geography,consumer_wallet,2026-03-01T23:59:59+00:00,2026-03-31T23:59:59+00:00,Higher-risk geography exposure,3,True,True,False,False,False,,False,,1,147.22,T001455,configured_threshold,passed
RR-6F6A46EC3381,C0046,TM-GEO-001,TM-RULES-2.0,AML-FEATURES-2.0,high_risk_geography,merchant_payout,2026-03-01T23:59:59+00:00,2026-03-31T23:59:59+00:00,Higher-risk geography exposure,3,True,True,False,False,False,,False,,2,1851.59,T001553;T001551,configured_threshold,passed
RR-59890B27C763,C0047,TM-GEO-001,TM-RULES-2.0,AML-FEATURES-2.0,high_risk_geography,consumer_wallet,2026-03-01T23:59:59+00:00,2026-03-31T23:59:59+00:00,Higher-risk geography exposure,3,True,True,False,False,False,,False,,1,1456.21,T001572,configured_threshold,passed
RR-A2AC1CA6EFA9,C0050,TM-GEO-001,TM-RULES-2.0,AML-FEATURES-2.0,high_risk_geography,smb_card,2026-03-01T23:59:59+00:00,2026-03-31T23:59:59+00:00,Higher-risk geography exposure,3,True,True,False,False,False,,False,,1,1502.99,T001670,configured_threshold,passed
RR-76CCAD738AAF,C0053,TM-GEO-001,TM-RULES-2.0,AML-FEATURES-2.0,high_risk_geography,consumer_wallet,2026-03-01T23:59:59+00:00,2026-03-31T23:59:59+00:00,Higher-risk geography exposure,3,True,True,False,False,False,,False,,1,627.66,T001737,configured_threshold,passed
RR-742D8172CBA6,C0054,TM-GEO-001,TM-RULES-2.0,AML-FEATURES-2.0,high_risk_geography,merchant_payout,2026-03-01T23:59:59+00:00,2026-03-31T23:59:59+00:00,Higher-risk geography exposure,3,True,True,False,False,False,,False,,2,4405.84,T001789;T001783,configured_threshold,passed
RR-CF7C73E3AACF,C0055,TM-GEO-001,TM-RULES-2.0,AML-FEATURES-2.0,high_risk_geography,smb_card,2026-03-01T23:59:59+00:00,2026-03-31T23:59:59+00:00,Higher-risk geography exposure,3,True,True,False,False,False,,False,,2,1390.52,T001819;T001818,configured_threshold,passed
RR-68AE4AD8E4B0,C0057,TM-GEO-001,TM-RULES-2.0,AML-FEATURES-2.0,high_risk_geography,consumer_wallet,2026-03-01T23:59:59+00:00,2026-03-31T23:59:59+00:00,Higher-risk geography exposure,3,True,True,False,False,False,,False,,1,2419.96,T001889,configured_threshold,passed
RR-831A4A3A0362,C0058,TM-GEO-001,TM-RULES-2.0,AML-FEATURES-2.0,high_risk_geography,consumer_wallet,2026-03-01T23:59:59+00:00,2026-03-31T23:59:59+00:00,Higher-risk geography exposure,3,True,True,False,False,False,,False,,1,1189.39,T001904,configured_threshold,passed
RR-8A51DA1C8E85,C0059,TM-GEO-001,TM-RULES-2.0,AML-FEATURES-2.0,high_risk_geography,smb_card,2026-03-01T23:59:59+00:00,2026-03-31T23:59:59+00:00,Higher-risk geography exposure,3,True,True,False,False,False,,False,,1,1004.72,T001938,configured_threshold,passed
RR-5BAA1CBB0532,C0063,TM-GEO-001,TM-RULES-2.0,AML-FEATURES-2.0,high_risk_geography,smb_card,2026-03-01T23:59:59+00:00,2026-03-31T23:59:59+00:00,Higher-risk geography exposure,3,True,True,False,False,False,,False,,1,756.3,T002040,configured_threshold,passed
RR-C6A733EB1B0E,C0065,TM-GEO-001,TM-RULES-2.0,AML-FEATURES-2.0,high_risk_geography,merchant_payout,2026-03-01T23:59:59+00:00,2026-03-31T23:59:59+00:00,Higher-risk geography exposure,3,True,True,False,False,False,,False,,2,21881.09,T002112;T002103,configured_threshold,passed
RR-85DA1F2997E7,C0067,TM-GEO-001,TM-RULES-2.0,AML-FEATURES-2.0,high_risk_geography,consumer_wallet,2026-03-01T23:59:59+00:00,2026-03-31T23:59:59+00:00,Higher-risk geography exposure,3,True,True,False,False,False,,False,,1,367.3,T002183,configured_threshold,passed
RR-D1A9C87E2FAA,C0070,TM-GEO-001,TM-RULES-2.0,AML-FEATURES-2.0,high_risk_geography,smb_card,2026-03-01T23:59:59+00:00,2026-03-31T23:59:59+00:00,Higher-risk geography exposure,3,True,True,False,False,False,,False,,1,1503.26,T002243,configured_threshold,passed
RR-9DD2275E40A1,C0071,TM-GEO-001,TM-RULES-2.0,AML-FEATURES-2.0,high_risk_geography,consumer_wallet,2026-03-01T23:59:59+00:00,2026-03-31T23:59:59+00:00,Higher-risk geography exposure,3,True,True,False,False,False,,False,,1,320.13,T002279,configured_threshold,passed
RR-541E35EEDD0A,C0072,TM-GEO-001,TM-RULES-2.0,AML-FEATURES-2.0,high_risk_geography,smb_card,2026-03-01T23:59:59+00:00,2026-03-31T23:59:59+00:00,Higher-risk geography exposure,3,True,True,False,False,False,,False,,1,2805.36,T002284,configured_threshold,passed
RR-FEE3F1D1C93D,C0073,TM-GEO-001,TM-RULES-2.0,AML-FEATURES-2.0,high_risk_geography,consumer_wallet,2026-03-01T23:59:59+00:00,2026-03-31T23:59:59+00:00,Higher-risk geography exposure,3,True,True,False,False,False,,False,,1,644.26,T002339,configured_threshold,passed
RR-98E27D10044A,C0075,TM-GEO-001,TM-RULES-2.0,AML-FEATURES-2.0,high_risk_geography,smb_card,2026-03-01T23:59:59+00:00,2026-03-31T23:59:59+00:00,Higher-risk geography exposure,3,True,True,False,False,False,,False,,1,1757.73,T002409,configured_threshold,passed
RR-5AFDDD409EA7,C0081,TM-GEO-001,TM-RULES-2.0,AML-FEATURES-2.0,high_risk_geography,smb_card,2026-03-01T23:59:59+00:00,2026-03-31T23:59:59+00:00,Higher-risk geography exposure,3,True,True,False,False,False,,False,,2,1959.18,T002577;T002573,configured_threshold,passed
RR-85757CEA1342,C0082,TM-GEO-001,TM-RULES-2.0,AML-FEATURES-2.0,high_risk_geography,consumer_wallet,2026-03-01T23:59:59+00:00,2026-03-31T23:59:59+00:00,Higher-risk geography exposure,3,True,True,False,False,False,,False,,1,1604.0,T002610,configured_threshold,passed
RR-D03C917BDFF2,C0084,TM-GEO-001,TM-RULES-2.0,AML-FEATURES-2.0,high_risk_geography,smb_card,2026-03-01T23:59:59+00:00,2026-03-31T23:59:59+00:00,Higher-risk geography exposure,3,True,True,False,False,False,,False,,1,1783.77,T002641,configured_threshold,passed
RR-8255FF0E10F9,C0085,TM-GEO-001,TM-RULES-2.0,AML-FEATURES-2.0,high_risk_geography,consumer_wallet,2026-03-01T23:59:59+00:00,2026-03-31T23:59:59+00:00,Higher-risk geography exposure,3,True,True,False,False,False,,False,,2,2538.49,T002678;T002672,configured_threshold,passed
RR-39CBAF774FE2,C0087,TM-GEO-001,TM-RULES-2.0,AML-FEATURES-2.0,high_risk_geography,smb_card,2026-03-01T23:59:59+00:00,2026-03-31T23:59:59+00:00,Higher-risk geography exposure,3,True,True,False,False,False,,False,,1,393.21,T002715,configured_threshold,passed
RR-DB7BFC4BC881,C0088,TM-GEO-001,TM-RULES-2.0,AML-FEATURES-2.0,high_risk_geography,cross_border,2026-03-01T23:59:59+00:00,2026-03-31T23:59:59+00:00,Higher-risk geography exposure,3,True,True,False,False,False,,False,,1,1253.03,T002742,configured_threshold,passed
RR-CC62936D0949,C0090,TM-GEO-001,TM-RULES-2.0,AML-FEATURES-2.0,high_risk_geography,cross_border,2026-03-01T23:59:59+00:00,2026-03-31T23:59:59+00:00,Higher-risk geography exposure,3,True,True,False,False,False,,False,,2,2138.52,T002813;T002790,configured_threshold,passed
RR-98EAD0AAF33B,C0091,TM-GEO-001,TM-RULES-2.0,AML-FEATURES-2.0,high_risk_geography,consumer_wallet,2026-03-01T23:59:59+00:00,2026-03-31T23:59:59+00:00,Higher-risk geography exposure,3,True,True,False,False,False,,False,,1,207.58,T002869,configured_threshold,passed
RR-82B5B73FBB52,C0092,TM-GEO-001,TM-RULES-2.0,AML-FEATURES-2.0,high_risk_geography,merchant_payout,2026-03-01T23:59:59+00:00,2026-03-31T23:59:59+00:00,Higher-risk geography exposure,3,True,True,False,False,False,,False,,2,7333.11,T002927;T002897,configured_threshold,passed
RR-C06D5432FE79,C0093,TM-GEO-001,TM-RULES-2.0,AML-FEATURES-2.0,high_risk_geography,consumer_wallet,2026-03-01T23:59:59+00:00,2026-03-31T23:59:59+00:00,Higher-risk geography exposure,3,True,True,False,False,False,,False,,2,2330.63,T002947;T002954,configured_threshold,passed
RR-D11115253E2B,C0094,TM-GEO-001,TM-RULES-2.0,AML-FEATURES-2.0,high_risk_geography,consumer_wallet,2026-03-01T23:59:59+00:00,2026-03-31T23:59:59+00:00,Higher-risk geography exposure,3,True,True,False,False,False,,False,,2,5429.61,T002982;T002971,configured_threshold,passed
RR-92E1552ABDD2,C0097,TM-GEO-001,TM-RULES-2.0,AML-FEATURES-2.0,high_risk_geography,cross_border,2026-03-01T23:59:59+00:00,2026-03-31T23:59:59+00:00,Higher-risk geography exposure,3,True,True,False,False,False,,False,,2,3104.98,T003053;T003068,configured_threshold,passed
RR-1968B2542C60,C0098,TM-GEO-001,TM-RULES-2.0,AML-FEATURES-2.0,high_risk_geography,smb_card,2026-03-01T23:59:59+00:00,2026-03-31T23:59:59+00:00,Higher-risk geography exposure,3,True,True,False,False,False,,False,,2,2034.22,T003098;T003106,configured_threshold,passed
RR-AF3721664632,C0099,TM-GEO-001,TM-RULES-2.0,AML-FEATURES-2.0,high_risk_geography,smb_card,2026-03-01T23:59:59+00:00,2026-03-31T23:59:59+00:00,Higher-risk geography exposure,3,True,True,False,False,False,,False,,3,4202.79,T003128;T003121;T003131,configured_threshold,passed
RR-3D5D22391C1E,C0100,TM-GEO-001,TM-RULES-2.0,AML-FEATURES-2.0,high_risk_geography,merchant_payout,2026-03-01T23:59:59+00:00,2026-03-31T23:59:59+00:00,Higher-risk geography exposure,3,True,True,False,False,False,,False,,2,2780.32,T003153;T003140,configured_threshold,passed
RR-B23536A7515F,C0101,TM-GEO-001,TM-RULES-2.0,AML-FEATURES-2.0,high_risk_geography,consumer_wallet,2026-03-01T23:59:59+00:00,2026-03-31T23:59:59+00:00,Higher-risk geography exposure,3,True,True,False,False,False,,False,,1,4042.36,T003163,configured_threshold,passed
RR-A5D0A66D74EB,C0102,TM-GEO-001,TM-RULES-2.0,AML-FEATURES-2.0,high_risk_geography,cross_border,2026-03-01T23:59:59+00:00,2026-03-31T23:59:59+00:00,Higher-risk geography exposure,3,True,True,False,False,False,,False,,1,198.86,T003218,configured_threshold,passed
RR-F168CD07BB31,C0103,TM-GEO-001,TM-RULES-2.0,AML-FEATURES-2.0,high_risk_geography,merchant_payout,2026-03-01T23:59:59+00:00,2026-03-31T23:59:59+00:00,Higher-risk geography exposure,3,True,True,False,False,False,,False,,2,2788.27,T003245;T003248,configured_threshold,passed
RR-CADE7FF1D08C,C0104,TM-GEO-001,TM-RULES-2.0,AML-FEATURES-2.0,high_risk_geography,smb_card,2026-03-01T23:59:59+00:00,2026-03-31T23:59:59+00:00,Higher-risk geography exposure,3,True,True,False,False,False,,False,,1,2319.01,T003266,configured_threshold,passed
RR-D95176615021,C0106,TM-GEO-001,TM-RULES-2.0,AML-FEATURES-2.0,high_risk_geography,merchant_payout,2026-03-01T23:59:59+00:00,2026-03-31T23:59:59+00:00,Higher-risk geography exposure,3,True,True,False,False,False,,False,,2,3372.02,T003301;T003326,configured_threshold,passed
RR-4CC16C5DFD22,C0107,TM-GEO-001,TM-RULES-2.0,AML-FEATURES-2.0,high_risk_geography,smb_card,2026-03-01T23:59:59+00:00,2026-03-31T23:59:59+00:00,Higher-risk geography exposure,3,True,True,False,False,False,,False,,2,2985.34,T003342;T003363,configured_threshold,passed
RR-498978C3933E,C0108,TM-GEO-001,TM-RULES-2.0,AML-FEATURES-2.0,high_risk_geography,smb_card,2026-03-01T23:59:59+00:00,2026-03-31T23:59:59+00:00,Higher-risk geography exposure,3,True,True,True,True,False,,True,,5,5646.68,T003387;T003403;T003385;T003405;T003395,configured_threshold,passed
RR-5C4D428FDBC1,C0110,TM-GEO-001,TM-RULES-2.0,AML-FEATURES-2.0,high_risk_geography,smb_card,2026-03-01T23:59:59+00:00,2026-03-31T23:59:59+00:00,Higher-risk geography exposure,3,True,True,False,False,False,,False,,1,1422.15,T003491,configured_threshold,passed
RR-CAE5B4573407,C0111,TM-GEO-001,TM-RULES-2.0,AML-FEATURES-2.0,high_risk_geography,consumer_wallet,2026-03-01T23:59:59+00:00,2026-03-31T23:59:59+00:00,Higher-risk geography exposure,3,True,True,False,False,False,,False,,1,783.84,T003534,configured_threshold,passed
RR-29DDDBF25243,C0112,TM-GEO-001,TM-RULES-2.0,AML-FEATURES-2.0,high_risk_geography,cross_border,2026-03-01T23:59:59+00:00,2026-03-31T23:59:59+00:00,Higher-risk geography exposure,3,True,True,False,False,False,,False,,2,1189.14,T003557;T003549,configured_threshold,passed
RR-BC91E8606C58,C0113,TM-GEO-001,TM-RULES-2.0,AML-FEATURES-2.0,high_risk_geography,smb_card,2026-03-01T23:59:59+00:00,2026-03-31T23:59:59+00:00,Higher-risk geography exposure,3,True,True,False,False,False,,False,,1,1083.03,T003604,configured_threshold,passed
RR-403272C4CA05,C0114,TM-GEO-001,TM-RULES-2.0,AML-FEATURES-2.0,high_risk_geography,cross_border,2026-03-01T23:59:59+00:00,2026-03-31T23:59:59+00:00,Higher-risk geography exposure,3,True,True,False,False,False,,False,,1,1138.1,T003616,configured_threshold,passed
RR-99C41BC6529B,C0115,TM-GEO-001,TM-RULES-2.0,AML-FEATURES-2.0,high_risk_geography,smb_card,2026-03-01T23:59:59+00:00,2026-03-31T23:59:59+00:00,Higher-risk geography exposure,3,True,True,False,False,False,,False,,1,638.25,T003641,configured_threshold,passed
RR-F46858B84E1B,C0117,TM-GEO-001,TM-RULES-2.0,AML-FEATURES-2.0,high_risk_geography,consumer_wallet,2026-03-01T23:59:59+00:00,2026-03-31T23:59:59+00:00,Higher-risk geography exposure,3,True,True,False,False,False,,False,,1,2329.78,T003709,configured_threshold,passed
RR-14B3019C760B,C0118,TM-GEO-001,TM-RULES-2.0,AML-FEATURES-2.0,high_risk_geography,smb_card,2026-03-01T23:59:59+00:00,2026-03-31T23:59:59+00:00,Higher-risk geography exposure,3,True,True,False,False,False,,False,,1,1014.11,T003734,configured_threshold,passed
RR-C8007F884704,C0119,TM-GEO-001,TM-RULES-2.0,AML-FEATURES-2.0,high_risk_geography,consumer_wallet,2026-03-01T23:59:59+00:00,2026-03-31T23:59:59+00:00,Higher-risk geography exposure,3,True,True,False,False,False,,False,,2,5086.22,T003783;T003780,configured_threshold,passed
RR-930C4D239249,C0024,TM-RAPID-001,TM-RULES-2.0,AML-FEATURES-2.0,rapid_movement,consumer_wallet,2026-03-28T23:59:59+00:00,2026-03-31T23:59:59+00:00,Rapid movement of funds,5,True,True,False,False,False,,False,,1,0.0,T000817,outbound/inbound>=0.80 and inbound>=5000,passed
RR-C3710466F6FE,C0028,TM-RAPID-001,TM-RULES-2.0,AML-FEATURES-2.0,rapid_movement,cross_border,2026-03-28T23:59:59+00:00,2026-03-31T23:59:59+00:00,Rapid movement of funds,5,True,True,False,False,False,,False,,1,0.0,T000931,outbound/inbound>=0.80 and inbound>=5000,passed
RR-F796AC10D929,C0045,TM-RAPID-001,TM-RULES-2.0,AML-FEATURES-2.0,rapid_movement,smb_card,2026-03-28T23:59:59+00:00,2026-03-31T23:59:59+00:00,Rapid movement of funds,5,True,True,False,False,False,,False,,1,0.0,T001517,outbound/inbound>=0.80 and inbound>=5000,passed
RR-071347156C5A,C0046,TM-RAPID-001,TM-RULES-2.0,AML-FEATURES-2.0,rapid_movement,merchant_payout,2026-03-28T23:59:59+00:00,2026-03-31T23:59:59+00:00,Rapid movement of funds,5,True,True,False,False,False,,False,,3,1851.59,T001558;T001553;T001551,outbound/inbound>=0.80 and inbound>=5000,passed
RR-4C871380768E,C0053,TM-RAPID-001,TM-RULES-2.0,AML-FEATURES-2.0,rapid_movement,consumer_wallet,2026-03-28T23:59:59+00:00,2026-03-31T23:59:59+00:00,Rapid movement of funds,5,True,True,False,False,False,,False,,1,0.0,T001737,outbound/inbound>=0.80 and inbound>=5000,passed
RR-205466DC623B,C0058,TM-RAPID-001,TM-RULES-2.0,AML-FEATURES-2.0,rapid_movement,consumer_wallet,2026-03-28T23:59:59+00:00,2026-03-31T23:59:59+00:00,Rapid movement of funds,5,True,True,False,False,False,,False,,1,0.0,T001921,outbound/inbound>=0.80 and inbound>=5000,passed
RR-0436796C9A3E,C0065,TM-RAPID-001,TM-RULES-2.0,AML-FEATURES-2.0,rapid_movement,merchant_payout,2026-03-28T23:59:59+00:00,2026-03-31T23:59:59+00:00,Rapid movement of funds,5,True,True,False,False,False,,False,,2,5416.58,T002120;T002103,outbound/inbound>=0.80 and inbound>=5000,passed
RR-5D57E4451ADA,C0067,TM-RAPID-001,TM-RULES-2.0,AML-FEATURES-2.0,rapid_movement,consumer_wallet,2026-03-28T23:59:59+00:00,2026-03-31T23:59:59+00:00,Rapid movement of funds,5,True,True,False,False,False,,False,,1,0.0,T002183,outbound/inbound>=0.80 and inbound>=5000,passed
RR-8A61D04D31AA,C0098,TM-RAPID-001,TM-RULES-2.0,AML-FEATURES-2.0,rapid_movement,smb_card,2026-03-28T23:59:59+00:00,2026-03-31T23:59:59+00:00,Rapid movement of funds,5,True,True,False,False,False,,False,,1,0.0,T003106,outbound/inbound>=0.80 and inbound>=5000,passed
RR-3B530A7CE36B,C0001,TM-FLOW-001,TM-RULES-2.0,AML-FEATURES-2.0,pass_through,merchant_payout,2026-03-01T23:59:59+00:00,2026-03-31T23:59:59+00:00,Potential pass-through or account cycling,4,True,True,False,False,False,,False,,9,24278.02,T000055;T000003;T000023;T000034;T000026;T000061;T000038;T000043;T000049,inbound>=10000 and outbound/inbound>=0.75 and counterparties>=8,passed
RR-8CB13C6F2D4B,C0002,TM-FLOW-001,TM-RULES-2.0,AML-FEATURES-2.0,pass_through,consumer_wallet,2026-03-01T23:59:59+00:00,2026-03-31T23:59:59+00:00,Potential pass-through or account cycling,4,True,True,False,False,False,,False,,1,1635.05,T000082,inbound>=10000 and outbound/inbound>=0.75 and counterparties>=8,passed
RR-7FE90B8A9056,C0003,TM-FLOW-001,TM-RULES-2.0,AML-FEATURES-2.0,pass_through,cross_border,2026-03-01T23:59:59+00:00,2026-03-31T23:59:59+00:00,Potential pass-through or account cycling,4,True,True,False,False,False,,False,,4,4077.43,T000118;T000119;T000101;T000107,inbound>=10000 and outbound/inbound>=0.75 and counterparties>=8,passed
RR-D7781E7E7C44,C0004,TM-FLOW-001,TM-RULES-2.0,AML-FEATURES-2.0,pass_through,cross_border,2026-03-01T23:59:59+00:00,2026-03-31T23:59:59+00:00,Potential pass-through or account cycling,4,True,True,False,False,False,,False,,5,6126.12,T000150;T000140;T000152;T000155;T000162,inbound>=10000 and outbound/inbound>=0.75 and counterparties>=8,passed
RR-304C44A4ADF4,C0005,TM-FLOW-001,TM-RULES-2.0,AML-FEATURES-2.0,pass_through,merchant_payout,2026-03-01T23:59:59+00:00,2026-03-31T23:59:59+00:00,Potential pass-through or account cycling,4,True,True,False,False,False,,False,,10,27207.11,T000201;T000169;T000218;T000173;T000167;T000221;T000191;T000220;T000177;T000185,inbound>=10000 and outbound/inbound>=0.75 and counterparties>=8,passed
RR-C3AA9ED13FC2,C0006,TM-FLOW-001,TM-RULES-2.0,AML-FEATURES-2.0,pass_through,consumer_wallet,2026-03-01T23:59:59+00:00,2026-03-31T23:59:59+00:00,Potential pass-through or account cycling,4,True,True,False,False,False,,False,,2,1944.62,T000232;T000236,inbound>=10000 and outbound/inbound>=0.75 and counterparties>=8,passed
RR-0A6886687332,C0007,TM-FLOW-001,TM-RULES-2.0,AML-FEATURES-2.0,pass_through,merchant_payout,2026-03-01T23:59:59+00:00,2026-03-31T23:59:59+00:00,Potential pass-through or account cycling,4,True,True,False,False,False,,False,,2,2690.36,T000257;T000253,inbound>=10000 and outbound/inbound>=0.75 and counterparties>=8,passed
RR-CC524B760AE5,C0008,TM-FLOW-001,TM-RULES-2.0,AML-FEATURES-2.0,pass_through,merchant_payout,2026-03-01T23:59:59+00:00,2026-03-31T23:59:59+00:00,Potential pass-through or account cycling,4,True,True,False,False,False,,False,,2,1356.0,T000284;T000287,inbound>=10000 and outbound/inbound>=0.75 and counterparties>=8,passed
RR-467399821833,C0009,TM-FLOW-001,TM-RULES-2.0,AML-FEATURES-2.0,pass_through,smb_card,2026-03-01T23:59:59+00:00,2026-03-31T23:59:59+00:00,Potential pass-through or account cycling,4,True,True,False,False,False,,False,,3,6412.54,T000320;T000312;T000315,inbound>=10000 and outbound/inbound>=0.75 and counterparties>=8,passed
RR-CE2FAF558E07,C0010,TM-FLOW-001,TM-RULES-2.0,AML-FEATURES-2.0,pass_through,merchant_payout,2026-03-01T23:59:59+00:00,2026-03-31T23:59:59+00:00,Potential pass-through or account cycling,4,True,True,False,False,False,,False,,3,1436.85,T000341;T000340;T000338,inbound>=10000 and outbound/inbound>=0.75 and counterparties>=8,passed
RR-C7AA92E2E38D,C0011,TM-FLOW-001,TM-RULES-2.0,AML-FEATURES-2.0,pass_through,smb_card,2026-03-01T23:59:59+00:00,2026-03-31T23:59:59+00:00,Potential pass-through or account cycling,4,True,True,False,False,False,,False,,6,7179.45,T000393;T000358;T000367;T000356;T000359;T000385,inbound>=10000 and outbound/inbound>=0.75 and counterparties>=8,passed
RR-0B97099946B7,C0012,TM-FLOW-001,TM-RULES-2.0,AML-FEATURES-2.0,pass_through,smb_card,2026-03-01T23:59:59+00:00,2026-03-31T23:59:59+00:00,Potential pass-through or account cycling,4,True,True,False,False,False,,False,,10,13323.68,T000398;T000433;T000403;T000420;T000400;T000415;T000430;T000431;T000410;T000419,inbound>=10000 and outbound/inbound>=0.75 and counterparties>=8,passed
RR-6F0C215A9B3A,C0013,TM-FLOW-001,TM-RULES-2.0,AML-FEATURES-2.0,pass_through,cross_border,2026-03-01T23:59:59+00:00,2026-03-31T23:59:59+00:00,Potential pass-through or account cycling,4,True,True,False,False,False,,False,,5,3830.02,T000462;T000446;T000444;T000470;T000473,inbound>=10000 and outbound/inbound>=0.75 and counterparties>=8,passed
RR-B790F6148092,C0014,TM-FLOW-001,TM-RULES-2.0,AML-FEATURES-2.0,pass_through,consumer_wallet,2026-03-01T23:59:59+00:00,2026-03-31T23:59:59+00:00,Potential pass-through or account cycling,4,True,True,False,False,False,,False,,1,1846.67,T000482,inbound>=10000 and outbound/inbound>=0.75 and counterparties>=8,passed
RR-ECF08F75D390,C0015,TM-FLOW-001,TM-RULES-2.0,AML-FEATURES-2.0,pass_through,smb_card,2026-03-01T23:59:59+00:00,2026-03-31T23:59:59+00:00,Potential pass-through or account cycling,4,True,True,False,False,False,,False,,4,3067.25,T000516;T000531;T000523;T000539,inbound>=10000 and outbound/inbound>=0.75 and counterparties>=8,passed
RR-646082408E5E,C0017,TM-FLOW-001,TM-RULES-2.0,AML-FEATURES-2.0,pass_through,consumer_wallet,2026-03-01T23:59:59+00:00,2026-03-31T23:59:59+00:00,Potential pass-through or account cycling,4,True,True,False,False,False,,False,,2,4452.19,T000572;T000579,inbound>=10000 and outbound/inbound>=0.75 and counterparties>=8,passed
RR-A118AA1F5B27,C0018,TM-FLOW-001,TM-RULES-2.0,AML-FEATURES-2.0,pass_through,smb_card,2026-03-01T23:59:59+00:00,2026-03-31T23:59:59+00:00,Potential pass-through or account cycling,4,True,True,False,False,False,,False,,1,853.89,T000595,inbound>=10000 and outbound/inbound>=0.75 and counterparties>=8,passed
RR-A643A5916521,C0019,TM-FLOW-001,TM-RULES-2.0,AML-FEATURES-2.0,pass_through,cross_border,2026-03-01T23:59:59+00:00,2026-03-31T23:59:59+00:00,Potential pass-through or account cycling,4,True,True,False,False,False,,False,,8,29639.61,T000620;T000671;T000640;T000615;T000638;T000658;T000651;T000666,inbound>=10000 and outbound/inbound>=0.75 and counterparties>=8,passed
RR-B968F5037812,C0020,TM-FLOW-001,TM-RULES-2.0,AML-FEATURES-2.0,pass_through,merchant_payout,2026-03-01T23:59:59+00:00,2026-03-31T23:59:59+00:00,Potential pass-through or account cycling,4,True,True,False,False,False,,False,,3,7233.28,T000673;T000686;T000675,inbound>=10000 and outbound/inbound>=0.75 and counterparties>=8,passed
RR-1022D9AE8395,C0021,TM-FLOW-001,TM-RULES-2.0,AML-FEATURES-2.0,pass_through,merchant_payout,2026-03-01T23:59:59+00:00,2026-03-31T23:59:59+00:00,Potential pass-through or account cycling,4,True,True,False,False,False,,False,,5,8331.09,T000719;T000720;T000736;T000712;T000716,inbound>=10000 and outbound/inbound>=0.75 and counterparties>=8,passed
RR-2FD907D3EF99,C0022,TM-FLOW-001,TM-RULES-2.0,AML-FEATURES-2.0,pass_through,consumer_wallet,2026-03-01T23:59:59+00:00,2026-03-31T23:59:59+00:00,Potential pass-through or account cycling,4,True,True,False,False,False,,False,,3,3904.39,T000750;T000751;T000754,inbound>=10000 and outbound/inbound>=0.75 and counterparties>=8,passed
RR-6D0AF727DAF0,C0023,TM-FLOW-001,TM-RULES-2.0,AML-FEATURES-2.0,pass_through,consumer_wallet,2026-03-01T23:59:59+00:00,2026-03-31T23:59:59+00:00,Potential pass-through or account cycling,4,True,True,False,False,False,,False,,6,6493.0,T000781;T000795;T000789;T000783;T000790;T000777,inbound>=10000 and outbound/inbound>=0.75 and counterparties>=8,passed
RR-B6002E246C36,C0024,TM-FLOW-001,TM-RULES-2.0,AML-FEATURES-2.0,pass_through,consumer_wallet,2026-03-01T23:59:59+00:00,2026-03-31T23:59:59+00:00,Potential pass-through or account cycling,4,True,True,False,False,False,,False,,3,2669.44,T000828;T000815;T000817,inbound>=10000 and outbound/inbound>=0.75 and counterparties>=8,passed
RR-53CF70CAF385,C0025,TM-FLOW-001,TM-RULES-2.0,AML-FEATURES-2.0,pass_through,consumer_wallet,2026-03-01T23:59:59+00:00,2026-03-31T23:59:59+00:00,Potential pass-through or account cycling,4,True,True,False,False,False,,False,,2,1329.71,T000840;T000833,inbound>=10000 and outbound/inbound>=0.75 and counterparties>=8,passed
RR-D11493086594,C0026,TM-FLOW-001,TM-RULES-2.0,AML-FEATURES-2.0,pass_through,merchant_payout,2026-03-01T23:59:59+00:00,2026-03-31T23:59:59+00:00,Potential pass-through or account cycling,4,True,True,False,False,False,,False,,5,5475.11,T000859;T000860;T000864;T000849;T000861,inbound>=10000 and outbound/inbound>=0.75 and counterparties>=8,passed
RR-579D737CCCEC,C0027,TM-FLOW-001,TM-RULES-2.0,AML-FEATURES-2.0,pass_through,merchant_payout,2026-03-01T23:59:59+00:00,2026-03-31T23:59:59+00:00,Potential pass-through or account cycling,4,True,True,True,True,False,,True,,10,47080.64,T000900;T000915;T000901;T000889;T000898;T000923;T000896;T000870;T000924;T000890,inbound>=10000 and outbound/inbound>=0.75 and counterparties>=8,passed
RR-9D0B5C139239,C0028,TM-FLOW-001,TM-RULES-2.0,AML-FEATURES-2.0,pass_through,cross_border,2026-03-01T23:59:59+00:00,2026-03-31T23:59:59+00:00,Potential pass-through or account cycling,4,True,True,False,False,False,,False,,5,7476.0,T000929;T000937;T000952;T000951;T000931,inbound>=10000 and outbound/inbound>=0.75 and counterparties>=8,passed
RR-2EE45225E870,C0029,TM-FLOW-001,TM-RULES-2.0,AML-FEATURES-2.0,pass_through,smb_card,2026-03-01T23:59:59+00:00,2026-03-31T23:59:59+00:00,Potential pass-through or account cycling,4,True,True,False,False,False,,False,,6,7692.73,T000969;T000960;T000987;T000983;T000975;T000976,inbound>=10000 and outbound/inbound>=0.75 and counterparties>=8,passed
RR-F76928570C2E,C0030,TM-FLOW-001,TM-RULES-2.0,AML-FEATURES-2.0,pass_through,consumer_wallet,2026-03-01T23:59:59+00:00,2026-03-31T23:59:59+00:00,Potential pass-through or account cycling,4,True,True,False,False,False,,False,,4,5719.1,T001002;T000994;T000993;T001012,inbound>=10000 and outbound/inbound>=0.75 and counterparties>=8,passed
RR-503AA8361276,C0031,TM-FLOW-001,TM-RULES-2.0,AML-FEATURES-2.0,pass_through,smb_card,2026-03-01T23:59:59+00:00,2026-03-31T23:59:59+00:00,Potential pass-through or account cycling,4,True,True,False,False,False,,False,,4,3408.91,T001023;T001046;T001022;T001037,inbound>=10000 and outbound/inbound>=0.75 and counterparties>=8,passed
RR-A045426251AB,C0032,TM-FLOW-001,TM-RULES-2.0,AML-FEATURES-2.0,pass_through,merchant_payout,2026-03-01T23:59:59+00:00,2026-03-31T23:59:59+00:00,Potential pass-through or account cycling,4,True,True,False,False,False,,False,,6,5479.75,T001051;T001075;T001050;T001063;T001076;T001061,inbound>=10000 and outbound/inbound>=0.75 and counterparties>=8,passed
RR-93329637BF22,C0033,TM-FLOW-001,TM-RULES-2.0,AML-FEATURES-2.0,pass_through,consumer_wallet,2026-03-01T23:59:59+00:00,2026-03-31T23:59:59+00:00,Potential pass-through or account cycling,4,True,True,False,False,False,,False,,7,8695.61,T001093;T001099;T001095;T001083;T001103;T001097;T001104,inbound>=10000 and outbound/inbound>=0.75 and counterparties>=8,passed
RR-92AFBA9895CF,C0034,TM-FLOW-001,TM-RULES-2.0,AML-FEATURES-2.0,pass_through,consumer_wallet,2026-03-01T23:59:59+00:00,2026-03-31T23:59:59+00:00,Potential pass-through or account cycling,4,True,True,False,False,False,,False,,3,5269.75,T001111;T001115;T001112,inbound>=10000 and outbound/inbound>=0.75 and counterparties>=8,passed
RR-17255E69B44E,C0035,TM-FLOW-001,TM-RULES-2.0,AML-FEATURES-2.0,pass_through,cross_border,2026-03-01T23:59:59+00:00,2026-03-31T23:59:59+00:00,Potential pass-through or account cycling,4,True,True,False,False,False,,False,,6,6657.78,T001147;T001182;T001179;T001160;T001154;T001156,inbound>=10000 and outbound/inbound>=0.75 and counterparties>=8,passed
RR-AC729E0A18DC,C0036,TM-FLOW-001,TM-RULES-2.0,AML-FEATURES-2.0,pass_through,consumer_wallet,2026-03-01T23:59:59+00:00,2026-03-31T23:59:59+00:00,Potential pass-through or account cycling,4,True,True,False,False,False,,False,,4,3929.85,T001196;T001187;T001186;T001197,inbound>=10000 and outbound/inbound>=0.75 and counterparties>=8,passed
RR-931248AD9F01,C0037,TM-FLOW-001,TM-RULES-2.0,AML-FEATURES-2.0,pass_through,cross_border,2026-03-01T23:59:59+00:00,2026-03-31T23:59:59+00:00,Potential pass-through or account cycling,4,True,True,False,False,False,,False,,8,5513.42,T001222;T001256;T001247;T001263;T001220;T001259;T001231;T001224,inbound>=10000 and outbound/inbound>=0.75 and counterparties>=8,passed
RR-A3AF713A681A,C0038,TM-FLOW-001,TM-RULES-2.0,AML-FEATURES-2.0,pass_through,smb_card,2026-03-01T23:59:59+00:00,2026-03-31T23:59:59+00:00,Potential pass-through or account cycling,4,True,True,False,False,False,,False,,3,1931.64,T001276;T001275;T001282,inbound>=10000 and outbound/inbound>=0.75 and counterparties>=8,passed
RR-CE1AF5DB49F6,C0039,TM-FLOW-001,TM-RULES-2.0,AML-FEATURES-2.0,pass_through,smb_card,2026-03-01T23:59:59+00:00,2026-03-31T23:59:59+00:00,Potential pass-through or account cycling,4,True,True,False,False,False,,False,,2,2641.37,T001291;T001303,inbound>=10000 and outbound/inbound>=0.75 and counterparties>=8,passed
RR-1AA75F74675D,C0040,TM-FLOW-001,TM-RULES-2.0,AML-FEATURES-2.0,pass_through,cross_border,2026-03-01T23:59:59+00:00,2026-03-31T23:59:59+00:00,Potential pass-through or account cycling,4,True,True,False,False,False,,False,,5,4261.78,T001339;T001324;T001336;T001317;T001335,inbound>=10000 and outbound/inbound>=0.75 and counterparties>=8,passed
RR-C380851DA78A,C0041,TM-FLOW-001,TM-RULES-2.0,AML-FEATURES-2.0,pass_through,smb_card,2026-03-01T23:59:59+00:00,2026-03-31T23:59:59+00:00,Potential pass-through or account cycling,4,True,True,False,False,False,,False,,5,7808.3,T001348;T001392;T001393;T001353;T001350,inbound>=10000 and outbound/inbound>=0.75 and counterparties>=8,passed
RR-5A589E6651A8,C0042,TM-FLOW-001,TM-RULES-2.0,AML-FEATURES-2.0,pass_through,smb_card,2026-03-01T23:59:59+00:00,2026-03-31T23:59:59+00:00,Potential pass-through or account cycling,4,True,True,False,False,False,,False,,4,4125.74,T001402;T001399;T001410;T001401,inbound>=10000 and outbound/inbound>=0.75 and counterparties>=8,passed
RR-5B0A0E8E5CA2,C0043,TM-FLOW-001,TM-RULES-2.0,AML-FEATURES-2.0,pass_through,smb_card,2026-03-01T23:59:59+00:00,2026-03-31T23:59:59+00:00,Potential pass-through or account cycling,4,True,True,False,False,False,,False,,4,5026.1,T001437;T001434;T001442;T001440,inbound>=10000 and outbound/inbound>=0.75 and counterparties>=8,passed
RR-3CCCEC144569,C0044,TM-FLOW-001,TM-RULES-2.0,AML-FEATURES-2.0,pass_through,consumer_wallet,2026-03-01T23:59:59+00:00,2026-03-31T23:59:59+00:00,Potential pass-through or account cycling,4,True,True,False,False,False,,False,,3,4405.33,T001488;T001468;T001455,inbound>=10000 and outbound/inbound>=0.75 and counterparties>=8,passed
RR-E6B7EF79F742,C0045,TM-FLOW-001,TM-RULES-2.0,AML-FEATURES-2.0,pass_through,smb_card,2026-03-01T23:59:59+00:00,2026-03-31T23:59:59+00:00,Potential pass-through or account cycling,4,True,True,False,False,False,,False,,5,10534.97,T001531;T001515;T001511;T001498;T001517,inbound>=10000 and outbound/inbound>=0.75 and counterparties>=8,passed
RR-FA169B0748B0,C0046,TM-FLOW-001,TM-RULES-2.0,AML-FEATURES-2.0,pass_through,merchant_payout,2026-03-01T23:59:59+00:00,2026-03-31T23:59:59+00:00,Potential pass-through or account cycling,4,True,True,False,False,False,,False,,6,6132.6,T001550;T001541;T001549;T001558;T001553;T001551,inbound>=10000 and outbound/inbound>=0.75 and counterparties>=8,passed
RR-A1927DEA499D,C0047,TM-FLOW-001,TM-RULES-2.0,AML-FEATURES-2.0,pass_through,consumer_wallet,2026-03-01T23:59:59+00:00,2026-03-31T23:59:59+00:00,Potential pass-through or account cycling,4,True,True,False,False,False,,False,,5,4469.39,T001572;T001581;T001569;T001574;T001579,inbound>=10000 and outbound/inbound>=0.75 and counterparties>=8,passed
RR-672CDE5F5686,C0048,TM-FLOW-001,TM-RULES-2.0,AML-FEATURES-2.0,pass_through,smb_card,2026-03-01T23:59:59+00:00,2026-03-31T23:59:59+00:00,Potential pass-through or account cycling,4,True,True,False,False,False,,False,,6,19401.84,T001631;T001613;T001623;T001595;T001609;T001626,inbound>=10000 and outbound/inbound>=0.75 and counterparties>=8,passed
RR-0A33CAFBB61E,C0049,TM-FLOW-001,TM-RULES-2.0,AML-FEATURES-2.0,pass_through,consumer_wallet,2026-03-01T23:59:59+00:00,2026-03-31T23:59:59+00:00,Potential pass-through or account cycling,4,True,True,False,False,False,,False,,2,4587.52,T001644;T001645,inbound>=10000 and outbound/inbound>=0.75 and counterparties>=8,passed
RR-6E7C6EEC1DF1,C0050,TM-FLOW-001,TM-RULES-2.0,AML-FEATURES-2.0,pass_through,smb_card,2026-03-01T23:59:59+00:00,2026-03-31T23:59:59+00:00,Potential pass-through or account cycling,4,True,True,False,False,False,,False,,2,1748.96,T001664;T001670,inbound>=10000 and outbound/inbound>=0.75 and counterparties>=8,passed
RR-7C76263DB412,C0051,TM-FLOW-001,TM-RULES-2.0,AML-FEATURES-2.0,pass_through,merchant_payout,2026-03-01T23:59:59+00:00,2026-03-31T23:59:59+00:00,Potential pass-through or account cycling,4,True,True,False,False,False,,False,,3,2868.31,T001698;T001699;T001711,inbound>=10000 and outbound/inbound>=0.75 and counterparties>=8,passed
RR-14A25DA2F88B,C0052,TM-FLOW-001,TM-RULES-2.0,AML-FEATURES-2.0,pass_through,consumer_wallet,2026-03-01T23:59:59+00:00,2026-03-31T23:59:59+00:00,Potential pass-through or account cycling,4,True,True,False,False,False,,False,,4,4365.91,T001728;T001720;T001730;T001718,inbound>=10000 and outbound/inbound>=0.75 and counterparties>=8,passed
RR-7F811D6BDDB0,C0053,TM-FLOW-001,TM-RULES-2.0,AML-FEATURES-2.0,pass_through,consumer_wallet,2026-03-01T23:59:59+00:00,2026-03-31T23:59:59+00:00,Potential pass-through or account cycling,4,True,True,False,False,False,,False,,4,3979.22,T001743;T001768;T001760;T001737,inbound>=10000 and outbound/inbound>=0.75 and counterparties>=8,passed
RR-5A76921DEEEB,C0054,TM-FLOW-001,TM-RULES-2.0,AML-FEATURES-2.0,pass_through,merchant_payout,2026-03-01T23:59:59+00:00,2026-03-31T23:59:59+00:00,Potential pass-through or account cycling,4,True,True,False,False,False,,False,,9,14495.63,T001786;T001799;T001804;T001775;T001789;T001788;T001778;T001793;T001783,inbound>=10000 and outbound/inbound>=0.75 and counterparties>=8,passed
RR-EABE46855595,C0055,TM-FLOW-001,TM-RULES-2.0,AML-FEATURES-2.0,pass_through,smb_card,2026-03-01T23:59:59+00:00,2026-03-31T23:59:59+00:00,Potential pass-through or account cycling,4,True,True,False,False,False,,False,,3,1533.97,T001810;T001819;T001818,inbound>=10000 and outbound/inbound>=0.75 and counterparties>=8,passed
RR-C993963F98AE,C0056,TM-FLOW-001,TM-RULES-2.0,AML-FEATURES-2.0,pass_through,smb_card,2026-03-01T23:59:59+00:00,2026-03-31T23:59:59+00:00,Potential pass-through or account cycling,4,True,True,False,False,False,,False,,2,4239.69,T001833;T001873,inbound>=10000 and outbound/inbound>=0.75 and counterparties>=8,passed
RR-E7A75BBF4200,C0057,TM-FLOW-001,TM-RULES-2.0,AML-FEATURES-2.0,pass_through,consumer_wallet,2026-03-01T23:59:59+00:00,2026-03-31T23:59:59+00:00,Potential pass-through or account cycling,4,True,True,False,False,False,,False,,1,2419.96,T001889,inbound>=10000 and outbound/inbound>=0.75 and counterparties>=8,passed
RR-84C77F81E156,C0058,TM-FLOW-001,TM-RULES-2.0,AML-FEATURES-2.0,pass_through,consumer_wallet,2026-03-01T23:59:59+00:00,2026-03-31T23:59:59+00:00,Potential pass-through or account cycling,4,True,True,False,False,False,,False,,6,4093.37,T001924;T001904;T001922;T001901;T001910;T001921,inbound>=10000 and outbound/inbound>=0.75 and counterparties>=8,passed
RR-4D91217DA898,C0059,TM-FLOW-001,TM-RULES-2.0,AML-FEATURES-2.0,pass_through,smb_card,2026-03-01T23:59:59+00:00,2026-03-31T23:59:59+00:00,Potential pass-through or account cycling,4,True,True,False,False,False,,False,,3,2398.34,T001940;T001938;T001932,inbound>=10000 and outbound/inbound>=0.75 and counterparties>=8,passed
RR-5548786E216A,C0060,TM-FLOW-001,TM-RULES-2.0,AML-FEATURES-2.0,pass_through,smb_card,2026-03-01T23:59:59+00:00,2026-03-31T23:59:59+00:00,Potential pass-through or account cycling,4,True,True,False,False,False,,False,,2,5064.68,T001954;T001958,inbound>=10000 and outbound/inbound>=0.75 and counterparties>=8,passed
RR-0FA908218C6D,C0061,TM-FLOW-001,TM-RULES-2.0,AML-FEATURES-2.0,pass_through,consumer_wallet,2026-03-01T23:59:59+00:00,2026-03-31T23:59:59+00:00,Potential pass-through or account cycling,4,True,True,False,False,False,,False,,2,2105.95,T001977;T001975,inbound>=10000 and outbound/inbound>=0.75 and counterparties>=8,passed
RR-BC58AF8529B8,C0062,TM-FLOW-001,TM-RULES-2.0,AML-FEATURES-2.0,pass_through,smb_card,2026-03-01T23:59:59+00:00,2026-03-31T23:59:59+00:00,Potential pass-through or account cycling,4,True,True,False,False,False,,False,,2,3006.9,T001992;T002009,inbound>=10000 and outbound/inbound>=0.75 and counterparties>=8,passed
RR-207FC6E2835C,C0063,TM-FLOW-001,TM-RULES-2.0,AML-FEATURES-2.0,pass_through,smb_card,2026-03-01T23:59:59+00:00,2026-03-31T23:59:59+00:00,Potential pass-through or account cycling,4,True,True,False,False,False,,False,,7,8281.3,T002060;T002062;T002051;T002054;T002040;T002057;T002016,inbound>=10000 and outbound/inbound>=0.75 and counterparties>=8,passed
RR-F3CBC8E57707,C0064,TM-FLOW-001,TM-RULES-2.0,AML-FEATURES-2.0,pass_through,merchant_payout,2026-03-01T23:59:59+00:00,2026-03-31T23:59:59+00:00,Potential pass-through or account cycling,4,True,True,False,False,False,,False,,4,4117.95,T002091;T002082;T002092;T002080,inbound>=10000 and outbound/inbound>=0.75 and counterparties>=8,passed
RR-60AD8618EABE,C0065,TM-FLOW-001,TM-RULES-2.0,AML-FEATURES-2.0,pass_through,merchant_payout,2026-03-01T23:59:59+00:00,2026-03-31T23:59:59+00:00,Potential pass-through or account cycling,4,True,True,True,True,False,,True,,9,35527.21,T002134;T002149;T002112;T002118;T002150;T002145;T002133;T002120;T002103,inbound>=10000 and outbound/inbound>=0.75 and counterparties>=8,passed
RR-354FF67AB9FD,C0066,TM-FLOW-001,TM-RULES-2.0,AML-FEATURES-2.0,pass_through,cross_border,2026-03-01T23:59:59+00:00,2026-03-31T23:59:59+00:00,Potential pass-through or account cycling,4,True,True,False,False,False,,False,,4,5061.58,T002157;T002169;T002159;T002166,inbound>=10000 and outbound/inbound>=0.75 and counterparties>=8,passed
RR-C54474355337,C0067,TM-FLOW-001,TM-RULES-2.0,AML-FEATURES-2.0,pass_through,consumer_wallet,2026-03-01T23:59:59+00:00,2026-03-31T23:59:59+00:00,Potential pass-through or account cycling,4,True,True,False,False,False,,False,,2,648.76,T002186;T002183,inbound>=10000 and outbound/inbound>=0.75 and counterparties>=8,passed
RR-18F8B8AB0B4B,C0068,TM-FLOW-001,TM-RULES-2.0,AML-FEATURES-2.0,pass_through,cross_border,2026-03-01T23:59:59+00:00,2026-03-31T23:59:59+00:00,Potential pass-through or account cycling,4,True,True,False,False,False,,False,,1,585.15,T002193,inbound>=10000 and outbound/inbound>=0.75 and counterparties>=8,passed
RR-3A4B03323DEB,C0069,TM-FLOW-001,TM-RULES-2.0,AML-FEATURES-2.0,pass_through,consumer_wallet,2026-03-01T23:59:59+00:00,2026-03-31T23:59:59+00:00,Potential pass-through or account cycling,4,True,True,False,False,False,,False,,1,2055.93,T002227,inbound>=10000 and outbound/inbound>=0.75 and counterparties>=8,passed
RR-5B74B28E6D99,C0070,TM-FLOW-001,TM-RULES-2.0,AML-FEATURES-2.0,pass_through,smb_card,2026-03-01T23:59:59+00:00,2026-03-31T23:59:59+00:00,Potential pass-through or account cycling,4,True,True,False,False,False,,False,,3,2981.84,T002243;T002249;T002250,inbound>=10000 and outbound/inbound>=0.75 and counterparties>=8,passed
RR-6BDECE728E9C,C0071,TM-FLOW-001,TM-RULES-2.0,AML-FEATURES-2.0,pass_through,consumer_wallet,2026-03-01T23:59:59+00:00,2026-03-31T23:59:59+00:00,Potential pass-through or account cycling,4,True,True,False,False,False,,False,,4,5143.81,T002279;T002261;T002280;T002278,inbound>=10000 and outbound/inbound>=0.75 and counterparties>=8,passed
RR-7EA849E3997B,C0072,TM-FLOW-001,TM-RULES-2.0,AML-FEATURES-2.0,pass_through,smb_card,2026-03-01T23:59:59+00:00,2026-03-31T23:59:59+00:00,Potential pass-through or account cycling,4,True,True,False,False,False,,False,,3,3593.48,T002283;T002311;T002284,inbound>=10000 and outbound/inbound>=0.75 and counterparties>=8,passed
RR-0E36A608A30C,C0073,TM-FLOW-001,TM-RULES-2.0,AML-FEATURES-2.0,pass_through,consumer_wallet,2026-03-01T23:59:59+00:00,2026-03-31T23:59:59+00:00,Potential pass-through or account cycling,4,True,True,False,False,False,,False,,5,4919.66,T002347;T002339;T002343;T002325;T002321,inbound>=10000 and outbound/inbound>=0.75 and counterparties>=8,passed
RR-908146A96597,C0074,TM-FLOW-001,TM-RULES-2.0,AML-FEATURES-2.0,pass_through,smb_card,2026-03-01T23:59:59+00:00,2026-03-31T23:59:59+00:00,Potential pass-through or account cycling,4,True,True,False,False,False,,False,,5,10184.73,T002356;T002387;T002377;T002384;T002353,inbound>=10000 and outbound/inbound>=0.75 and counterparties>=8,passed
RR-1E492AC338D8,C0075,TM-FLOW-001,TM-RULES-2.0,AML-FEATURES-2.0,pass_through,smb_card,2026-03-01T23:59:59+00:00,2026-03-31T23:59:59+00:00,Potential pass-through or account cycling,4,True,True,False,False,False,,False,,3,2713.7,T002428;T002404;T002409,inbound>=10000 and outbound/inbound>=0.75 and counterparties>=8,passed
RR-CFD1BBB6ED9E,C0076,TM-FLOW-001,TM-RULES-2.0,AML-FEATURES-2.0,pass_through,consumer_wallet,2026-03-01T23:59:59+00:00,2026-03-31T23:59:59+00:00,Potential pass-through or account cycling,4,True,True,False,False,False,,False,,1,4095.45,T002455,inbound>=10000 and outbound/inbound>=0.75 and counterparties>=8,passed
RR-C54A47601D64,C0077,TM-FLOW-001,TM-RULES-2.0,AML-FEATURES-2.0,pass_through,merchant_payout,2026-03-01T23:59:59+00:00,2026-03-31T23:59:59+00:00,Potential pass-through or account cycling,4,True,True,False,False,False,,False,,3,3875.73,T002473;T002487;T002480,inbound>=10000 and outbound/inbound>=0.75 and counterparties>=8,passed
RR-95AD55E850AC,C0078,TM-FLOW-001,TM-RULES-2.0,AML-FEATURES-2.0,pass_through,smb_card,2026-03-01T23:59:59+00:00,2026-03-31T23:59:59+00:00,Potential pass-through or account cycling,4,True,True,False,False,False,,False,,3,2392.38,T002509;T002507;T002511,inbound>=10000 and outbound/inbound>=0.75 and counterparties>=8,passed
RR-44E946369D60,C0081,TM-FLOW-001,TM-RULES-2.0,AML-FEATURES-2.0,pass_through,smb_card,2026-03-01T23:59:59+00:00,2026-03-31T23:59:59+00:00,Potential pass-through or account cycling,4,True,True,False,False,False,,False,,2,1959.18,T002577;T002573,inbound>=10000 and outbound/inbound>=0.75 and counterparties>=8,passed
RR-77A7A470216D,C0082,TM-FLOW-001,TM-RULES-2.0,AML-FEATURES-2.0,pass_through,consumer_wallet,2026-03-01T23:59:59+00:00,2026-03-31T23:59:59+00:00,Potential pass-through or account cycling,4,True,True,False,False,False,,False,,3,4507.29,T002610;T002600;T002594,inbound>=10000 and outbound/inbound>=0.75 and counterparties>=8,passed
RR-DA55F3E39353,C0083,TM-FLOW-001,TM-RULES-2.0,AML-FEATURES-2.0,pass_through,consumer_wallet,2026-03-01T23:59:59+00:00,2026-03-31T23:59:59+00:00,Potential pass-through or account cycling,4,True,True,False,False,False,,False,,1,884.24,T002632,inbound>=10000 and outbound/inbound>=0.75 and counterparties>=8,passed
RR-43FF141ED61B,C0084,TM-FLOW-001,TM-RULES-2.0,AML-FEATURES-2.0,pass_through,smb_card,2026-03-01T23:59:59+00:00,2026-03-31T23:59:59+00:00,Potential pass-through or account cycling,4,True,True,False,False,False,,False,,6,6421.82,T002650;T002640;T002645;T002657;T002643;T002641,inbound>=10000 and outbound/inbound>=0.75 and counterparties>=8,passed
RR-35FD4A1FAEEB,C0085,TM-FLOW-001,TM-RULES-2.0,AML-FEATURES-2.0,pass_through,consumer_wallet,2026-03-01T23:59:59+00:00,2026-03-31T23:59:59+00:00,Potential pass-through or account cycling,4,True,True,False,False,False,,False,,6,5448.58,T002664;T002685;T002678;T002672;T002684;T002666,inbound>=10000 and outbound/inbound>=0.75 and counterparties>=8,passed
RR-1AA8D5808A54,C0086,TM-FLOW-001,TM-RULES-2.0,AML-FEATURES-2.0,pass_through,cross_border,2026-03-01T23:59:59+00:00,2026-03-31T23:59:59+00:00,Potential pass-through or account cycling,4,True,True,False,False,False,,False,,1,236.7,T002706,inbound>=10000 and outbound/inbound>=0.75 and counterparties>=8,passed
RR-9DC4A0589844,C0087,TM-FLOW-001,TM-RULES-2.0,AML-FEATURES-2.0,pass_through,smb_card,2026-03-01T23:59:59+00:00,2026-03-31T23:59:59+00:00,Potential pass-through or account cycling,4,True,True,False,False,False,,False,,3,2155.23,T002716;T002713;T002715,inbound>=10000 and outbound/inbound>=0.75 and counterparties>=8,passed
RR-0D506CCFF143,C0088,TM-FLOW-001,TM-RULES-2.0,AML-FEATURES-2.0,pass_through,cross_border,2026-03-01T23:59:59+00:00,2026-03-31T23:59:59+00:00,Potential pass-through or account cycling,4,True,True,False,False,False,,False,,3,4252.94,T002735;T002739;T002742,inbound>=10000 and outbound/inbound>=0.75 and counterparties>=8,passed
RR-0FC5E9D7250D,C0089,TM-FLOW-001,TM-RULES-2.0,AML-FEATURES-2.0,pass_through,merchant_payout,2026-03-01T23:59:59+00:00,2026-03-31T23:59:59+00:00,Potential pass-through or account cycling,4,True,True,False,False,False,,False,,2,3276.02,T002758;T002780,inbound>=10000 and outbound/inbound>=0.75 and counterparties>=8,passed
RR-8E77286675DB,C0090,TM-FLOW-001,TM-RULES-2.0,AML-FEATURES-2.0,pass_through,cross_border,2026-03-01T23:59:59+00:00,2026-03-31T23:59:59+00:00,Potential pass-through or account cycling,4,True,True,False,False,False,,False,,5,5558.38,T002810;T002828;T002813;T002804;T002790,inbound>=10000 and outbound/inbound>=0.75 and counterparties>=8,passed
RR-81E124147FC7,C0091,TM-FLOW-001,TM-RULES-2.0,AML-FEATURES-2.0,pass_through,consumer_wallet,2026-03-01T23:59:59+00:00,2026-03-31T23:59:59+00:00,Potential pass-through or account cycling,4,True,True,False,False,False,,False,,2,816.15,T002870;T002869,inbound>=10000 and outbound/inbound>=0.75 and counterparties>=8,passed
RR-F04081F6FA24,C0092,TM-FLOW-001,TM-RULES-2.0,AML-FEATURES-2.0,pass_through,merchant_payout,2026-03-01T23:59:59+00:00,2026-03-31T23:59:59+00:00,Potential pass-through or account cycling,4,True,True,True,True,False,,True,,9,30009.79,T002927;T002880;T002882;T002924;T002925;T002909;T002897;T002895;T002915,inbound>=10000 and outbound/inbound>=0.75 and counterparties>=8,passed
RR-8A5A2A565A54,C0093,TM-FLOW-001,TM-RULES-2.0,AML-FEATURES-2.0,pass_through,consumer_wallet,2026-03-01T23:59:59+00:00,2026-03-31T23:59:59+00:00,Potential pass-through or account cycling,4,True,True,False,False,False,,False,,6,5230.71,T002947;T002958;T002952;T002943;T002954;T002964,inbound>=10000 and outbound/inbound>=0.75 and counterparties>=8,passed
RR-7A3CC161FAF8,C0094,TM-FLOW-001,TM-RULES-2.0,AML-FEATURES-2.0,pass_through,consumer_wallet,2026-03-01T23:59:59+00:00,2026-03-31T23:59:59+00:00,Potential pass-through or account cycling,4,True,True,False,False,False,,False,,6,8041.91,T002982;T002979;T002971;T002989;T002974;T002993,inbound>=10000 and outbound/inbound>=0.75 and counterparties>=8,passed
RR-94D8B7958A16,C0095,TM-FLOW-001,TM-RULES-2.0,AML-FEATURES-2.0,pass_through,smb_card,2026-03-01T23:59:59+00:00,2026-03-31T23:59:59+00:00,Potential pass-through or account cycling,4,True,True,False,False,False,,False,,2,1185.41,T002997;T003014,inbound>=10000 and outbound/inbound>=0.75 and counterparties>=8,passed
RR-0C740C9A3A05,C0097,TM-FLOW-001,TM-RULES-2.0,AML-FEATURES-2.0,pass_through,cross_border,2026-03-01T23:59:59+00:00,2026-03-31T23:59:59+00:00,Potential pass-through or account cycling,4,True,True,False,False,False,,False,,5,5391.64,T003053;T003052;T003048;T003064;T003068,inbound>=10000 and outbound/inbound>=0.75 and counterparties>=8,passed
RR-C3A226265485,C0098,TM-FLOW-001,TM-RULES-2.0,AML-FEATURES-2.0,pass_through,smb_card,2026-03-01T23:59:59+00:00,2026-03-31T23:59:59+00:00,Potential pass-through or account cycling,4,True,True,False,False,False,,False,,5,4896.83,T003097;T003095;T003112;T003098;T003106,inbound>=10000 and outbound/inbound>=0.75 and counterparties>=8,passed
RR-F36AE4F99DBC,C0099,TM-FLOW-001,TM-RULES-2.0,AML-FEATURES-2.0,pass_through,smb_card,2026-03-01T23:59:59+00:00,2026-03-31T23:59:59+00:00,Potential pass-through or account cycling,4,True,True,False,False,False,,False,,3,4202.79,T003128;T003121;T003131,inbound>=10000 and outbound/inbound>=0.75 and counterparties>=8,passed
RR-672F0D3FD0DE,C0100,TM-FLOW-001,TM-RULES-2.0,AML-FEATURES-2.0,pass_through,merchant_payout,2026-03-01T23:59:59+00:00,2026-03-31T23:59:59+00:00,Potential pass-through or account cycling,4,True,True,False,False,False,,False,,8,12117.36,T003135;T003145;T003143;T003148;T003152;T003153;T003150;T003140,inbound>=10000 and outbound/inbound>=0.75 and counterparties>=8,passed
RR-30F59FDB95F7,C0101,TM-FLOW-001,TM-RULES-2.0,AML-FEATURES-2.0,pass_through,consumer_wallet,2026-03-01T23:59:59+00:00,2026-03-31T23:59:59+00:00,Potential pass-through or account cycling,4,True,True,False,False,False,,False,,3,6163.01,T003183;T003163;T003172,inbound>=10000 and outbound/inbound>=0.75 and counterparties>=8,passed
RR-4E9B11536661,C0102,TM-FLOW-001,TM-RULES-2.0,AML-FEATURES-2.0,pass_through,cross_border,2026-03-01T23:59:59+00:00,2026-03-31T23:59:59+00:00,Potential pass-through or account cycling,4,True,True,False,False,False,,False,,6,4349.4,T003202;T003224;T003218;T003223;T003196;T003216,inbound>=10000 and outbound/inbound>=0.75 and counterparties>=8,passed
RR-2418B78C0442,C0103,TM-FLOW-001,TM-RULES-2.0,AML-FEATURES-2.0,pass_through,merchant_payout,2026-03-01T23:59:59+00:00,2026-03-31T23:59:59+00:00,Potential pass-through or account cycling,4,True,True,False,False,False,,False,,4,6319.72,T003245;T003240;T003248;T003232,inbound>=10000 and outbound/inbound>=0.75 and counterparties>=8,passed
RR-48ED7E2F29B0,C0104,TM-FLOW-001,TM-RULES-2.0,AML-FEATURES-2.0,pass_through,smb_card,2026-03-01T23:59:59+00:00,2026-03-31T23:59:59+00:00,Potential pass-through or account cycling,4,True,True,False,False,False,,False,,4,5916.59,T003266;T003258;T003273;T003254,inbound>=10000 and outbound/inbound>=0.75 and counterparties>=8,passed
RR-B6809795FB4A,C0105,TM-FLOW-001,TM-RULES-2.0,AML-FEATURES-2.0,pass_through,smb_card,2026-03-01T23:59:59+00:00,2026-03-31T23:59:59+00:00,Potential pass-through or account cycling,4,True,True,False,False,False,,False,,1,869.2,T003282,inbound>=10000 and outbound/inbound>=0.75 and counterparties>=8,passed
RR-CA984E3F75EC,C0106,TM-FLOW-001,TM-RULES-2.0,AML-FEATURES-2.0,pass_through,merchant_payout,2026-03-01T23:59:59+00:00,2026-03-31T23:59:59+00:00,Potential pass-through or account cycling,4,True,True,False,False,False,,False,,4,6804.06,T003301;T003316;T003324;T003326,inbound>=10000 and outbound/inbound>=0.75 and counterparties>=8,passed
RR-31B5C6D58E73,C0107,TM-FLOW-001,TM-RULES-2.0,AML-FEATURES-2.0,pass_through,smb_card,2026-03-01T23:59:59+00:00,2026-03-31T23:59:59+00:00,Potential pass-through or account cycling,4,True,True,False,False,False,,False,,8,10159.71,T003342;T003335;T003338;T003347;T003354;T003341;T003357;T003363,inbound>=10000 and outbound/inbound>=0.75 and counterparties>=8,passed
RR-D122B6AEE199,C0108,TM-FLOW-001,TM-RULES-2.0,AML-FEATURES-2.0,pass_through,smb_card,2026-03-01T23:59:59+00:00,2026-03-31T23:59:59+00:00,Potential pass-through or account cycling,4,True,True,False,False,False,,False,,7,7086.55,T003368;T003387;T003403;T003385;T003381;T003405;T003395,inbound>=10000 and outbound/inbound>=0.75 and counterparties>=8,passed
RR-D6F25DC49A21,C0109,TM-FLOW-001,TM-RULES-2.0,AML-FEATURES-2.0,pass_through,consumer_wallet,2026-03-01T23:59:59+00:00,2026-03-31T23:59:59+00:00,Potential pass-through or account cycling,4,True,True,False,False,False,,False,,3,3973.81,T003428;T003435;T003433,inbound>=10000 and outbound/inbound>=0.75 and counterparties>=8,passed
RR-CB9792BEACC2,C0110,TM-FLOW-001,TM-RULES-2.0,AML-FEATURES-2.0,pass_through,smb_card,2026-03-01T23:59:59+00:00,2026-03-31T23:59:59+00:00,Potential pass-through or account cycling,4,True,True,False,False,False,,False,,5,7517.48,T003491;T003494;T003490;T003505;T003458,inbound>=10000 and outbound/inbound>=0.75 and counterparties>=8,passed
RR-90AEDAC321EF,C0111,TM-FLOW-001,TM-RULES-2.0,AML-FEATURES-2.0,pass_through,consumer_wallet,2026-03-01T23:59:59+00:00,2026-03-31T23:59:59+00:00,Potential pass-through or account cycling,4,True,True,False,False,False,,False,,3,3376.34,T003518;T003534;T003542,inbound>=10000 and outbound/inbound>=0.75 and counterparties>=8,passed
RR-9309B30264DD,C0112,TM-FLOW-001,TM-RULES-2.0,AML-FEATURES-2.0,pass_through,cross_border,2026-03-01T23:59:59+00:00,2026-03-31T23:59:59+00:00,Potential pass-through or account cycling,4,True,True,False,False,False,,False,,4,4649.17,T003569;T003564;T003557;T003549,inbound>=10000 and outbound/inbound>=0.75 and counterparties>=8,passed
RR-C192B6031E1A,C0113,TM-FLOW-001,TM-RULES-2.0,AML-FEATURES-2.0,pass_through,smb_card,2026-03-01T23:59:59+00:00,2026-03-31T23:59:59+00:00,Potential pass-through or account cycling,4,True,True,False,False,False,,False,,3,2204.53,T003585;T003604;T003600,inbound>=10000 and outbound/inbound>=0.75 and counterparties>=8,passed
RR-EDCE961C32CA,C0114,TM-FLOW-001,TM-RULES-2.0,AML-FEATURES-2.0,pass_through,cross_border,2026-03-01T23:59:59+00:00,2026-03-31T23:59:59+00:00,Potential pass-through or account cycling,4,True,True,False,False,False,,False,,4,4210.5,T003623;T003617;T003616;T003630,inbound>=10000 and outbound/inbound>=0.75 and counterparties>=8,passed
RR-59B243D4C136,C0115,TM-FLOW-001,TM-RULES-2.0,AML-FEATURES-2.0,pass_through,smb_card,2026-03-01T23:59:59+00:00,2026-03-31T23:59:59+00:00,Potential pass-through or account cycling,4,True,True,False,False,False,,False,,2,691.59,T003641;T003650,inbound>=10000 and outbound/inbound>=0.75 and counterparties>=8,passed
RR-7522CA74F2A3,C0116,TM-FLOW-001,TM-RULES-2.0,AML-FEATURES-2.0,pass_through,cross_border,2026-03-01T23:59:59+00:00,2026-03-31T23:59:59+00:00,Potential pass-through or account cycling,4,True,True,False,False,False,,False,,2,2275.17,T003678;T003673,inbound>=10000 and outbound/inbound>=0.75 and counterparties>=8,passed
RR-C75E87E6383A,C0117,TM-FLOW-001,TM-RULES-2.0,AML-FEATURES-2.0,pass_through,consumer_wallet,2026-03-01T23:59:59+00:00,2026-03-31T23:59:59+00:00,Potential pass-through or account cycling,4,True,True,False,False,False,,False,,2,3651.58,T003703;T003709,inbound>=10000 and outbound/inbound>=0.75 and counterparties>=8,passed
RR-6C2048A255D5,C0118,TM-FLOW-001,TM-RULES-2.0,AML-FEATURES-2.0,pass_through,smb_card,2026-03-01T23:59:59+00:00,2026-03-31T23:59:59+00:00,Potential pass-through or account cycling,4,True,True,False,False,False,,False,,2,1558.32,T003734;T003762,inbound>=10000 and outbound/inbound>=0.75 and counterparties>=8,passed
RR-928EB1D9417E,C0119,TM-FLOW-001,TM-RULES-2.0,AML-FEATURES-2.0,pass_through,consumer_wallet,2026-03-01T23:59:59+00:00,2026-03-31T23:59:59+00:00,Potential pass-through or account cycling,4,True,True,False,False,False,,False,,4,5997.71,T003772;T003783;T003773;T003780,inbound>=10000 and outbound/inbound>=0.75 and counterparties>=8,passed
RR-58709A10673C,C0120,TM-FLOW-001,TM-RULES-2.0,AML-FEATURES-2.0,pass_through,smb_card,2026-03-01T23:59:59+00:00,2026-03-31T23:59:59+00:00,Potential pass-through or account cycling,4,True,True,False,False,False,,False,,3,2151.25,T003817;T003821;T003798,inbound>=10000 and outbound/inbound>=0.75 and counterparties>=8,passed
RR-97F8B8EE2A97,C0001,TM-NET-001,TM-RULES-2.0,AML-FEATURES-2.0,network,merchant_payout,2026-03-01T23:59:59+00:00,2026-03-31T23:59:59+00:00,Shared high-risk counterparty hub,4,True,True,True,True,False,,True,,5,15175.24,T000055;T000023;T000026;T000043;T000049,configured_threshold,passed
RR-3EF149323286,C0002,TM-NET-001,TM-RULES-2.0,AML-FEATURES-2.0,network,consumer_wallet,2026-03-01T23:59:59+00:00,2026-03-31T23:59:59+00:00,Shared high-risk counterparty hub,4,True,True,False,False,False,,False,,1,1635.05,T000082,configured_threshold,passed
RR-C4C6D42A8800,C0003,TM-NET-001,TM-RULES-2.0,AML-FEATURES-2.0,network,cross_border,2026-03-01T23:59:59+00:00,2026-03-31T23:59:59+00:00,Shared high-risk counterparty hub,4,True,True,True,True,False,,True,,4,4077.43,T000118;T000119;T000101;T000107,configured_threshold,passed
RR-10FB3467B58E,C0004,TM-NET-001,TM-RULES-2.0,AML-FEATURES-2.0,network,cross_border,2026-03-01T23:59:59+00:00,2026-03-31T23:59:59+00:00,Shared high-risk counterparty hub,4,True,True,True,True,False,,True,,3,2121.22,T000152;T000155;T000162,configured_threshold,passed
RR-5472C650EA2B,C0005,TM-NET-001,TM-RULES-2.0,AML-FEATURES-2.0,network,merchant_payout,2026-03-01T23:59:59+00:00,2026-03-31T23:59:59+00:00,Shared high-risk counterparty hub,4,True,True,True,True,False,,True,,4,12460.5,T000169;T000167;T000221;T000177,configured_threshold,passed
RR-4B72C555C4D7,C0006,TM-NET-001,TM-RULES-2.0,AML-FEATURES-2.0,network,consumer_wallet,2026-03-01T23:59:59+00:00,2026-03-31T23:59:59+00:00,Shared high-risk counterparty hub,4,True,True,True,True,False,,True,,2,1944.62,T000232;T000236,configured_threshold,passed
RR-919291C28AF2,C0007,TM-NET-001,TM-RULES-2.0,AML-FEATURES-2.0,network,merchant_payout,2026-03-01T23:59:59+00:00,2026-03-31T23:59:59+00:00,Shared high-risk counterparty hub,4,True,True,False,False,False,,False,,1,909.87,T000253,configured_threshold,passed
RR-55EB4DDA12D6,C0008,TM-NET-001,TM-RULES-2.0,AML-FEATURES-2.0,network,merchant_payout,2026-03-01T23:59:59+00:00,2026-03-31T23:59:59+00:00,Shared high-risk counterparty hub,4,True,True,False,False,False,,False,,1,1187.06,T000284,configured_threshold,passed
RR-6B5CE51EC5D4,C0009,TM-NET-001,TM-RULES-2.0,AML-FEATURES-2.0,network,smb_card,2026-03-01T23:59:59+00:00,2026-03-31T23:59:59+00:00,Shared high-risk counterparty hub,4,True,True,True,True,False,,True,,3,6412.54,T000320;T000312;T000315,configured_threshold,passed
RR-6C4AAC6165A3,C0010,TM-NET-001,TM-RULES-2.0,AML-FEATURES-2.0,network,merchant_payout,2026-03-01T23:59:59+00:00,2026-03-31T23:59:59+00:00,Shared high-risk counterparty hub,4,True,True,True,True,False,,True,,2,1235.21,T000341;T000338,configured_threshold,passed
RR-139878DA6D7F,C0011,TM-NET-001,TM-RULES-2.0,AML-FEATURES-2.0,network,smb_card,2026-03-01T23:59:59+00:00,2026-03-31T23:59:59+00:00,Shared high-risk counterparty hub,4,True,True,True,True,False,,True,,2,3151.56,T000358;T000359,configured_threshold,passed
RR-FC92D7E9F434,C0012,TM-NET-001,TM-RULES-2.0,AML-FEATURES-2.0,network,smb_card,2026-03-01T23:59:59+00:00,2026-03-31T23:59:59+00:00,Shared high-risk counterparty hub,4,True,True,True,True,False,,True,,7,8847.44,T000433;T000403;T000420;T000400;T000415;T000430;T000419,configured_threshold,passed
RR-ED36FCE040BC,C0013,TM-NET-001,TM-RULES-2.0,AML-FEATURES-2.0,network,cross_border,2026-03-01T23:59:59+00:00,2026-03-31T23:59:59+00:00,Shared high-risk counterparty hub,4,True,True,True,True,False,,True,,3,1251.0,T000444;T000470;T000473,configured_threshold,passed
RR-4DAC9D528453,C0014,TM-NET-001,TM-RULES-2.0,AML-FEATURES-2.0,network,consumer_wallet,2026-03-01T23:59:59+00:00,2026-03-31T23:59:59+00:00,Shared high-risk counterparty hub,4,True,True,False,False,False,,False,,1,1846.67,T000482,configured_threshold,passed
RR-C017D84758A3,C0015,TM-NET-001,TM-RULES-2.0,AML-FEATURES-2.0,network,smb_card,2026-03-01T23:59:59+00:00,2026-03-31T23:59:59+00:00,Shared high-risk counterparty hub,4,True,True,True,True,False,,True,,3,2697.98,T000516;T000523;T000539,configured_threshold,passed
RR-5ACB3F645E30,C0017,TM-NET-001,TM-RULES-2.0,AML-FEATURES-2.0,network,consumer_wallet,2026-03-01T23:59:59+00:00,2026-03-31T23:59:59+00:00,Shared high-risk counterparty hub,4,True,True,False,False,False,,False,,1,3319.34,T000572,configured_threshold,passed
RR-8D53A2F0C9EA,C0019,TM-NET-001,TM-RULES-2.0,AML-FEATURES-2.0,network,cross_border,2026-03-01T23:59:59+00:00,2026-03-31T23:59:59+00:00,Shared high-risk counterparty hub,4,True,True,True,True,False,,True,,5,16718.12,T000671;T000638;T000658;T000651;T000666,configured_threshold,passed
RR-A7FE989C1300,C0020,TM-NET-001,TM-RULES-2.0,AML-FEATURES-2.0,network,merchant_payout,2026-03-01T23:59:59+00:00,2026-03-31T23:59:59+00:00,Shared high-risk counterparty hub,4,True,True,False,False,False,,False,,1,3333.05,T000675,configured_threshold,passed
RR-BFB905C1A5C6,C0021,TM-NET-001,TM-RULES-2.0,AML-FEATURES-2.0,network,merchant_payout,2026-03-01T23:59:59+00:00,2026-03-31T23:59:59+00:00,Shared high-risk counterparty hub,4,True,True,True,True,False,,True,,4,5756.87,T000719;T000736;T000712;T000716,configured_threshold,passed
RR-EB9530989739,C0022,TM-NET-001,TM-RULES-2.0,AML-FEATURES-2.0,network,consumer_wallet,2026-03-01T23:59:59+00:00,2026-03-31T23:59:59+00:00,Shared high-risk counterparty hub,4,True,True,True,True,False,,True,,2,2430.22,T000750;T000751,configured_threshold,passed
RR-294C40DCC403,C0023,TM-NET-001,TM-RULES-2.0,AML-FEATURES-2.0,network,consumer_wallet,2026-03-01T23:59:59+00:00,2026-03-31T23:59:59+00:00,Shared high-risk counterparty hub,4,True,True,True,True,False,,True,,3,4483.37,T000783;T000790;T000777,configured_threshold,passed
RR-25696C561D2E,C0024,TM-NET-001,TM-RULES-2.0,AML-FEATURES-2.0,network,consumer_wallet,2026-03-01T23:59:59+00:00,2026-03-31T23:59:59+00:00,Shared high-risk counterparty hub,4,True,True,True,True,False,,True,,2,2137.61,T000828;T000815,configured_threshold,passed
RR-45C4D893314B,C0025,TM-NET-001,TM-RULES-2.0,AML-FEATURES-2.0,network,consumer_wallet,2026-03-01T23:59:59+00:00,2026-03-31T23:59:59+00:00,Shared high-risk counterparty hub,4,True,True,False,False,False,,False,,1,657.13,T000833,configured_threshold,passed
RR-68A6100C803B,C0026,TM-NET-001,TM-RULES-2.0,AML-FEATURES-2.0,network,merchant_payout,2026-03-01T23:59:59+00:00,2026-03-31T23:59:59+00:00,Shared high-risk counterparty hub,4,True,True,True,True,False,,True,,3,2821.38,T000859;T000860;T000864,configured_threshold,passed
RR-C2A63D22C77D,C0027,TM-NET-001,TM-RULES-2.0,AML-FEATURES-2.0,network,merchant_payout,2026-03-01T23:59:59+00:00,2026-03-31T23:59:59+00:00,Shared high-risk counterparty hub,4,True,True,True,True,False,,True,,6,33711.84,T000915;T000901;T000923;T000896;T000924;T000890,configured_threshold,passed
RR-1F420DE07C87,C0028,TM-NET-001,TM-RULES-2.0,AML-FEATURES-2.0,network,cross_border,2026-03-01T23:59:59+00:00,2026-03-31T23:59:59+00:00,Shared high-risk counterparty hub,4,True,True,True,True,False,,True,,4,5678.29,T000929;T000937;T000952;T000931,configured_threshold,passed
RR-D3D318B5F077,C0029,TM-NET-001,TM-RULES-2.0,AML-FEATURES-2.0,network,smb_card,2026-03-01T23:59:59+00:00,2026-03-31T23:59:59+00:00,Shared high-risk counterparty hub,4,True,True,True,True,False,,True,,2,1326.67,T000975;T000976,configured_threshold,passed
RR-12802BF3EBEA,C0030,TM-NET-001,TM-RULES-2.0,AML-FEATURES-2.0,network,consumer_wallet,2026-03-01T23:59:59+00:00,2026-03-31T23:59:59+00:00,Shared high-risk counterparty hub,4,True,True,False,False,False,,False,,1,932.24,T001002,configured_threshold,passed
RR-93B22712BDA0,C0031,TM-NET-001,TM-RULES-2.0,AML-FEATURES-2.0,network,smb_card,2026-03-01T23:59:59+00:00,2026-03-31T23:59:59+00:00,Shared high-risk counterparty hub,4,True,True,True,True,False,,True,,3,3032.07,T001023;T001022;T001037,configured_threshold,passed
RR-854ADEF729EC,C0032,TM-NET-001,TM-RULES-2.0,AML-FEATURES-2.0,network,merchant_payout,2026-03-01T23:59:59+00:00,2026-03-31T23:59:59+00:00,Shared high-risk counterparty hub,4,True,True,True,True,False,,True,,2,1685.53,T001075;T001050,configured_threshold,passed
RR-985C20B07330,C0033,TM-NET-001,TM-RULES-2.0,AML-FEATURES-2.0,network,consumer_wallet,2026-03-01T23:59:59+00:00,2026-03-31T23:59:59+00:00,Shared high-risk counterparty hub,4,True,True,True,True,False,,True,,4,5608.85,T001099;T001095;T001097;T001104,configured_threshold,passed
RR-558157ADF17F,C0034,TM-NET-001,TM-RULES-2.0,AML-FEATURES-2.0,network,consumer_wallet,2026-03-01T23:59:59+00:00,2026-03-31T23:59:59+00:00,Shared high-risk counterparty hub,4,True,True,True,True,False,,True,,2,2423.46,T001111;T001112,configured_threshold,passed
RR-C88330C1B2DA,C0035,TM-NET-001,TM-RULES-2.0,AML-FEATURES-2.0,network,cross_border,2026-03-01T23:59:59+00:00,2026-03-31T23:59:59+00:00,Shared high-risk counterparty hub,4,True,True,True,True,False,,True,,4,2383.47,T001147;T001160;T001154;T001156,configured_threshold,passed
RR-2CBBE5517E70,C0036,TM-NET-001,TM-RULES-2.0,AML-FEATURES-2.0,network,consumer_wallet,2026-03-01T23:59:59+00:00,2026-03-31T23:59:59+00:00,Shared high-risk counterparty hub,4,True,True,True,True,False,,True,,2,1673.42,T001186;T001197,configured_threshold,passed
RR-1B591F816EAA,C0037,TM-NET-001,TM-RULES-2.0,AML-FEATURES-2.0,network,cross_border,2026-03-01T23:59:59+00:00,2026-03-31T23:59:59+00:00,Shared high-risk counterparty hub,4,True,True,True,True,False,,True,,4,2696.95,T001247;T001220;T001259;T001224,configured_threshold,passed
RR-3FFF7E986DAF,C0038,TM-NET-001,TM-RULES-2.0,AML-FEATURES-2.0,network,smb_card,2026-03-01T23:59:59+00:00,2026-03-31T23:59:59+00:00,Shared high-risk counterparty hub,4,True,True,True,True,False,,True,,2,835.88,T001275;T001282,configured_threshold,passed
RR-A01456B79A02,C0039,TM-NET-001,TM-RULES-2.0,AML-FEATURES-2.0,network,smb_card,2026-03-01T23:59:59+00:00,2026-03-31T23:59:59+00:00,Shared high-risk counterparty hub,4,True,True,False,False,False,,False,,1,1344.63,T001303,configured_threshold,passed
RR-2041899EDB15,C0040,TM-NET-001,TM-RULES-2.0,AML-FEATURES-2.0,network,cross_border,2026-03-01T23:59:59+00:00,2026-03-31T23:59:59+00:00,Shared high-risk counterparty hub,4,True,True,True,True,False,,True,,4,3873.1,T001339;T001336;T001317;T001335,configured_threshold,passed
RR-F25F92FE68D4,C0041,TM-NET-001,TM-RULES-2.0,AML-FEATURES-2.0,network,smb_card,2026-03-01T23:59:59+00:00,2026-03-31T23:59:59+00:00,Shared high-risk counterparty hub,4,True,True,False,False,False,,False,,1,1066.74,T001350,configured_threshold,passed
RR-9880B0ED5EE6,C0042,TM-NET-001,TM-RULES-2.0,AML-FEATURES-2.0,network,smb_card,2026-03-01T23:59:59+00:00,2026-03-31T23:59:59+00:00,Shared high-risk counterparty hub,4,True,True,True,True,False,,True,,3,3271.33,T001402;T001399;T001410,configured_threshold,passed
RR-3A961B0116A0,C0043,TM-NET-001,TM-RULES-2.0,AML-FEATURES-2.0,network,smb_card,2026-03-01T23:59:59+00:00,2026-03-31T23:59:59+00:00,Shared high-risk counterparty hub,4,True,True,True,True,False,,True,,3,4421.47,T001437;T001434;T001442,configured_threshold,passed
RR-3569A5EC9E6C,C0044,TM-NET-001,TM-RULES-2.0,AML-FEATURES-2.0,network,consumer_wallet,2026-03-01T23:59:59+00:00,2026-03-31T23:59:59+00:00,Shared high-risk counterparty hub,4,True,True,True,True,False,,True,,2,4258.11,T001488;T001468,configured_threshold,passed
RR-0D02E471B50E,C0045,TM-NET-001,TM-RULES-2.0,AML-FEATURES-2.0,network,smb_card,2026-03-01T23:59:59+00:00,2026-03-31T23:59:59+00:00,Shared high-risk counterparty hub,4,True,True,True,True,False,,True,,4,5693.05,T001531;T001515;T001511;T001517,configured_threshold,passed
RR-A7C1A7F67A75,C0046,TM-NET-001,TM-RULES-2.0,AML-FEATURES-2.0,network,merchant_payout,2026-03-01T23:59:59+00:00,2026-03-31T23:59:59+00:00,Shared high-risk counterparty hub,4,True,True,True,True,False,,True,,4,4248.86,T001541;T001549;T001558;T001551,configured_threshold,passed
RR-0099573C9435,C0047,TM-NET-001,TM-RULES-2.0,AML-FEATURES-2.0,network,consumer_wallet,2026-03-01T23:59:59+00:00,2026-03-31T23:59:59+00:00,Shared high-risk counterparty hub,4,True,True,True,True,False,,True,,3,2471.25,T001572;T001574;T001579,configured_threshold,passed
RR-7599CA12B58F,C0048,TM-NET-001,TM-RULES-2.0,AML-FEATURES-2.0,network,smb_card,2026-03-01T23:59:59+00:00,2026-03-31T23:59:59+00:00,Shared high-risk counterparty hub,4,True,True,True,True,False,,True,,3,15851.76,T001623;T001595;T001626,configured_threshold,passed
RR-A89960A9F324,C0049,TM-NET-001,TM-RULES-2.0,AML-FEATURES-2.0,network,consumer_wallet,2026-03-01T23:59:59+00:00,2026-03-31T23:59:59+00:00,Shared high-risk counterparty hub,4,True,True,False,False,False,,False,,1,3215.44,T001644,configured_threshold,passed
RR-3D70C20D6198,C0050,TM-NET-001,TM-RULES-2.0,AML-FEATURES-2.0,network,smb_card,2026-03-01T23:59:59+00:00,2026-03-31T23:59:59+00:00,Shared high-risk counterparty hub,4,True,True,False,False,False,,False,,1,1502.99,T001670,configured_threshold,passed
RR-C8E7B88DD20C,C0051,TM-NET-001,TM-RULES-2.0,AML-FEATURES-2.0,network,merchant_payout,2026-03-01T23:59:59+00:00,2026-03-31T23:59:59+00:00,Shared high-risk counterparty hub,4,True,True,True,True,False,,True,,2,2564.4,T001698;T001711,configured_threshold,passed
RR-1673B6870AD9,C0052,TM-NET-001,TM-RULES-2.0,AML-FEATURES-2.0,network,consumer_wallet,2026-03-01T23:59:59+00:00,2026-03-31T23:59:59+00:00,Shared high-risk counterparty hub,4,True,True,True,True,False,,True,,3,3063.62,T001720;T001730;T001718,configured_threshold,passed
RR-CBB4B6C5619F,C0053,TM-NET-001,TM-RULES-2.0,AML-FEATURES-2.0,network,consumer_wallet,2026-03-01T23:59:59+00:00,2026-03-31T23:59:59+00:00,Shared high-risk counterparty hub,4,True,True,True,True,False,,True,,4,3979.22,T001743;T001768;T001760;T001737,configured_threshold,passed
RR-D9F22EE85ACB,C0054,TM-NET-001,TM-RULES-2.0,AML-FEATURES-2.0,network,merchant_payout,2026-03-01T23:59:59+00:00,2026-03-31T23:59:59+00:00,Shared high-risk counterparty hub,4,True,True,True,True,False,,True,,8,11303.05,T001786;T001799;T001804;T001775;T001789;T001788;T001793;T001783,configured_threshold,passed
RR-5FE119BDAD34,C0055,TM-NET-001,TM-RULES-2.0,AML-FEATURES-2.0,network,smb_card,2026-03-01T23:59:59+00:00,2026-03-31T23:59:59+00:00,Shared high-risk counterparty hub,4,True,True,True,True,False,,True,,2,1027.08,T001810;T001819,configured_threshold,passed
RR-4F720DC8A5F6,C0056,TM-NET-001,TM-RULES-2.0,AML-FEATURES-2.0,network,smb_card,2026-03-01T23:59:59+00:00,2026-03-31T23:59:59+00:00,Shared high-risk counterparty hub,4,True,True,True,True,False,,True,,2,4239.69,T001833;T001873,configured_threshold,passed
RR-5C712C492FA0,C0058,TM-NET-001,TM-RULES-2.0,AML-FEATURES-2.0,network,consumer_wallet,2026-03-01T23:59:59+00:00,2026-03-31T23:59:59+00:00,Shared high-risk counterparty hub,4,True,True,True,True,False,,True,,5,3572.3,T001924;T001904;T001922;T001901;T001921,configured_threshold,passed
RR-72D186097776,C0059,TM-NET-001,TM-RULES-2.0,AML-FEATURES-2.0,network,smb_card,2026-03-01T23:59:59+00:00,2026-03-31T23:59:59+00:00,Shared high-risk counterparty hub,4,True,True,True,True,False,,True,,3,2398.34,T001940;T001938;T001932,configured_threshold,passed
RR-9AE63B06ECD8,C0060,TM-NET-001,TM-RULES-2.0,AML-FEATURES-2.0,network,smb_card,2026-03-01T23:59:59+00:00,2026-03-31T23:59:59+00:00,Shared high-risk counterparty hub,4,True,True,True,True,False,,True,,2,5064.68,T001954;T001958,configured_threshold,passed
RR-75030271356D,C0061,TM-NET-001,TM-RULES-2.0,AML-FEATURES-2.0,network,consumer_wallet,2026-03-01T23:59:59+00:00,2026-03-31T23:59:59+00:00,Shared high-risk counterparty hub,4,True,True,False,False,False,,False,,1,232.83,T001975,configured_threshold,passed
RR-47DC7F8CB338,C0062,TM-NET-001,TM-RULES-2.0,AML-FEATURES-2.0,network,smb_card,2026-03-01T23:59:59+00:00,2026-03-31T23:59:59+00:00,Shared high-risk counterparty hub,4,True,True,True,True,False,,True,,2,3006.9,T001992;T002009,configured_threshold,passed
RR-19D9FA5BCE88,C0063,TM-NET-001,TM-RULES-2.0,AML-FEATURES-2.0,network,smb_card,2026-03-01T23:59:59+00:00,2026-03-31T23:59:59+00:00,Shared high-risk counterparty hub,4,True,True,True,True,False,,True,,6,7968.38,T002060;T002062;T002051;T002054;T002040;T002057,configured_threshold,passed
RR-0ED00F2B193A,C0064,TM-NET-001,TM-RULES-2.0,AML-FEATURES-2.0,network,merchant_payout,2026-03-01T23:59:59+00:00,2026-03-31T23:59:59+00:00,Shared high-risk counterparty hub,4,True,True,True,True,False,,True,,2,1023.78,T002091;T002080,configured_threshold,passed
RR-0E63B6994D71,C0065,TM-NET-001,TM-RULES-2.0,AML-FEATURES-2.0,network,merchant_payout,2026-03-01T23:59:59+00:00,2026-03-31T23:59:59+00:00,Shared high-risk counterparty hub,4,True,True,True,True,False,,True,,5,29941.92,T002149;T002112;T002133;T002120;T002103,configured_threshold,passed
RR-BCB69D5CE67A,C0066,TM-NET-001,TM-RULES-2.0,AML-FEATURES-2.0,network,cross_border,2026-03-01T23:59:59+00:00,2026-03-31T23:59:59+00:00,Shared high-risk counterparty hub,4,True,True,True,True,False,,True,,4,5061.58,T002157;T002169;T002159;T002166,configured_threshold,passed
RR-6073AE2BB0FA,C0067,TM-NET-001,TM-RULES-2.0,AML-FEATURES-2.0,network,consumer_wallet,2026-03-01T23:59:59+00:00,2026-03-31T23:59:59+00:00,Shared high-risk counterparty hub,4,True,True,True,True,False,,True,,2,648.76,T002186;T002183,configured_threshold,passed
RR-1060C957CCCE,C0068,TM-NET-001,TM-RULES-2.0,AML-FEATURES-2.0,network,cross_border,2026-03-01T23:59:59+00:00,2026-03-31T23:59:59+00:00,Shared high-risk counterparty hub,4,True,True,False,False,False,,False,,1,585.15,T002193,configured_threshold,passed
RR-9F02192DB441,C0069,TM-NET-001,TM-RULES-2.0,AML-FEATURES-2.0,network,consumer_wallet,2026-03-01T23:59:59+00:00,2026-03-31T23:59:59+00:00,Shared high-risk counterparty hub,4,True,True,False,False,False,,False,,1,2055.93,T002227,configured_threshold,passed
RR-B47C9F5F7046,C0070,TM-NET-001,TM-RULES-2.0,AML-FEATURES-2.0,network,smb_card,2026-03-01T23:59:59+00:00,2026-03-31T23:59:59+00:00,Shared high-risk counterparty hub,4,True,True,True,True,False,,True,,2,1478.58,T002249;T002250,configured_threshold,passed
RR-8350DC907136,C0071,TM-NET-001,TM-RULES-2.0,AML-FEATURES-2.0,network,consumer_wallet,2026-03-01T23:59:59+00:00,2026-03-31T23:59:59+00:00,Shared high-risk counterparty hub,4,True,True,True,True,False,,True,,3,3336.91,T002279;T002261;T002280,configured_threshold,passed
RR-241A6687D90C,C0073,TM-NET-001,TM-RULES-2.0,AML-FEATURES-2.0,network,consumer_wallet,2026-03-01T23:59:59+00:00,2026-03-31T23:59:59+00:00,Shared high-risk counterparty hub,4,True,True,True,True,False,,True,,4,3667.07,T002339;T002343;T002325;T002321,configured_threshold,passed
RR-2A8F3E6BEA81,C0074,TM-NET-001,TM-RULES-2.0,AML-FEATURES-2.0,network,smb_card,2026-03-01T23:59:59+00:00,2026-03-31T23:59:59+00:00,Shared high-risk counterparty hub,4,True,True,False,False,False,,False,,1,971.75,T002377,configured_threshold,passed
RR-1A15AC9DF54C,C0075,TM-NET-001,TM-RULES-2.0,AML-FEATURES-2.0,network,smb_card,2026-03-01T23:59:59+00:00,2026-03-31T23:59:59+00:00,Shared high-risk counterparty hub,4,True,True,True,True,False,,True,,2,2347.06,T002404;T002409,configured_threshold,passed
RR-1D28E3243A3E,C0076,TM-NET-001,TM-RULES-2.0,AML-FEATURES-2.0,network,consumer_wallet,2026-03-01T23:59:59+00:00,2026-03-31T23:59:59+00:00,Shared high-risk counterparty hub,4,True,True,False,False,False,,False,,1,4095.45,T002455,configured_threshold,passed
RR-377B2043C08C,C0077,TM-NET-001,TM-RULES-2.0,AML-FEATURES-2.0,network,merchant_payout,2026-03-01T23:59:59+00:00,2026-03-31T23:59:59+00:00,Shared high-risk counterparty hub,4,True,True,True,True,False,,True,,2,3130.45,T002473;T002487,configured_threshold,passed
RR-039539544634,C0078,TM-NET-001,TM-RULES-2.0,AML-FEATURES-2.0,network,smb_card,2026-03-01T23:59:59+00:00,2026-03-31T23:59:59+00:00,Shared high-risk counterparty hub,4,True,True,False,False,False,,False,,1,1255.03,T002507,configured_threshold,passed
RR-46F0FB4966E4,C0081,TM-NET-001,TM-RULES-2.0,AML-FEATURES-2.0,network,smb_card,2026-03-01T23:59:59+00:00,2026-03-31T23:59:59+00:00,Shared high-risk counterparty hub,4,True,True,True,True,False,,True,,2,1959.18,T002577;T002573,configured_threshold,passed
RR-619C62BBB8CF,C0082,TM-NET-001,TM-RULES-2.0,AML-FEATURES-2.0,network,consumer_wallet,2026-03-01T23:59:59+00:00,2026-03-31T23:59:59+00:00,Shared high-risk counterparty hub,4,True,True,True,True,False,,True,,2,3197.64,T002610;T002594,configured_threshold,passed
RR-D7452347E62B,C0084,TM-NET-001,TM-RULES-2.0,AML-FEATURES-2.0,network,smb_card,2026-03-01T23:59:59+00:00,2026-03-31T23:59:59+00:00,Shared high-risk counterparty hub,4,True,True,True,True,False,,True,,5,6198.11,T002650;T002640;T002645;T002657;T002641,configured_threshold,passed
RR-B769C42647E7,C0085,TM-NET-001,TM-RULES-2.0,AML-FEATURES-2.0,network,consumer_wallet,2026-03-01T23:59:59+00:00,2026-03-31T23:59:59+00:00,Shared high-risk counterparty hub,4,True,True,True,True,False,,True,,3,2264.59,T002664;T002678;T002666,configured_threshold,passed
RR-CB4C05288D58,C0087,TM-NET-001,TM-RULES-2.0,AML-FEATURES-2.0,network,smb_card,2026-03-01T23:59:59+00:00,2026-03-31T23:59:59+00:00,Shared high-risk counterparty hub,4,True,True,True,True,False,,True,,2,1442.01,T002716;T002715,configured_threshold,passed
RR-52E7A3E6ADB0,C0088,TM-NET-001,TM-RULES-2.0,AML-FEATURES-2.0,network,cross_border,2026-03-01T23:59:59+00:00,2026-03-31T23:59:59+00:00,Shared high-risk counterparty hub,4,True,True,True,True,False,,True,,3,4252.94,T002735;T002739;T002742,configured_threshold,passed
RR-09FF22223633,C0089,TM-NET-001,TM-RULES-2.0,AML-FEATURES-2.0,network,merchant_payout,2026-03-01T23:59:59+00:00,2026-03-31T23:59:59+00:00,Shared high-risk counterparty hub,4,True,True,False,False,False,,False,,1,1332.51,T002780,configured_threshold,passed
RR-4BED34AD1729,C0090,TM-NET-001,TM-RULES-2.0,AML-FEATURES-2.0,network,cross_border,2026-03-01T23:59:59+00:00,2026-03-31T23:59:59+00:00,Shared high-risk counterparty hub,4,True,True,True,True,False,,True,,4,4518.11,T002810;T002828;T002813;T002790,configured_threshold,passed
RR-90DD6FE73718,C0091,TM-NET-001,TM-RULES-2.0,AML-FEATURES-2.0,network,consumer_wallet,2026-03-01T23:59:59+00:00,2026-03-31T23:59:59+00:00,Shared high-risk counterparty hub,4,True,True,False,False,False,,False,,1,608.57,T002870,configured_threshold,passed
RR-6FC2098F85F3,C0092,TM-NET-001,TM-RULES-2.0,AML-FEATURES-2.0,network,merchant_payout,2026-03-01T23:59:59+00:00,2026-03-31T23:59:59+00:00,Shared high-risk counterparty hub,4,True,True,True,True,False,,True,,4,18250.03,T002880;T002882;T002924;T002925,configured_threshold,passed
RR-B169E9B2C0F8,C0093,TM-NET-001,TM-RULES-2.0,AML-FEATURES-2.0,network,consumer_wallet,2026-03-01T23:59:59+00:00,2026-03-31T23:59:59+00:00,Shared high-risk counterparty hub,4,True,True,True,True,False,,True,,3,2764.25,T002947;T002943;T002954,configured_threshold,passed
RR-ED6A4427A95F,C0094,TM-NET-001,TM-RULES-2.0,AML-FEATURES-2.0,network,consumer_wallet,2026-03-01T23:59:59+00:00,2026-03-31T23:59:59+00:00,Shared high-risk counterparty hub,4,True,True,True,True,False,,True,,3,1881.8,T002989;T002974;T002993,configured_threshold,passed
RR-A171D06A11DE,C0097,TM-NET-001,TM-RULES-2.0,AML-FEATURES-2.0,network,cross_border,2026-03-01T23:59:59+00:00,2026-03-31T23:59:59+00:00,Shared high-risk counterparty hub,4,True,True,True,True,False,,True,,4,4888.82,T003053;T003052;T003064;T003068,configured_threshold,passed
RR-358BCEF44ABE,C0098,TM-NET-001,TM-RULES-2.0,AML-FEATURES-2.0,network,smb_card,2026-03-01T23:59:59+00:00,2026-03-31T23:59:59+00:00,Shared high-risk counterparty hub,4,True,True,True,True,False,,True,,4,3647.94,T003097;T003095;T003112;T003106,configured_threshold,passed
RR-57CEE7E86CEB,C0099,TM-NET-001,TM-RULES-2.0,AML-FEATURES-2.0,network,smb_card,2026-03-01T23:59:59+00:00,2026-03-31T23:59:59+00:00,Shared high-risk counterparty hub,4,True,True,False,False,False,,False,,1,1319.79,T003128,configured_threshold,passed
RR-1D39C81113D9,C0100,TM-NET-001,TM-RULES-2.0,AML-FEATURES-2.0,network,merchant_payout,2026-03-01T23:59:59+00:00,2026-03-31T23:59:59+00:00,Shared high-risk counterparty hub,4,True,True,True,True,False,,True,,2,4793.55,T003153;T003150,configured_threshold,passed
RR-F00B2CDAC202,C0101,TM-NET-001,TM-RULES-2.0,AML-FEATURES-2.0,network,consumer_wallet,2026-03-01T23:59:59+00:00,2026-03-31T23:59:59+00:00,Shared high-risk counterparty hub,4,True,True,False,False,False,,False,,1,1540.98,T003183,configured_threshold,passed
RR-FCE3FB767257,C0102,TM-NET-001,TM-RULES-2.0,AML-FEATURES-2.0,network,cross_border,2026-03-01T23:59:59+00:00,2026-03-31T23:59:59+00:00,Shared high-risk counterparty hub,4,True,True,True,True,False,,True,,5,4150.54,T003202;T003224;T003223;T003196;T003216,configured_threshold,passed
RR-CB1342392A8F,C0103,TM-NET-001,TM-RULES-2.0,AML-FEATURES-2.0,network,merchant_payout,2026-03-01T23:59:59+00:00,2026-03-31T23:59:59+00:00,Shared high-risk counterparty hub,4,True,True,True,True,False,,True,,2,2788.27,T003245;T003248,configured_threshold,passed
RR-3F828319BBFF,C0104,TM-NET-001,TM-RULES-2.0,AML-FEATURES-2.0,network,smb_card,2026-03-01T23:59:59+00:00,2026-03-31T23:59:59+00:00,Shared high-risk counterparty hub,4,True,True,True,True,False,,True,,2,2594.2,T003266;T003273,configured_threshold,passed
RR-3489F082FC95,C0105,TM-NET-001,TM-RULES-2.0,AML-FEATURES-2.0,network,smb_card,2026-03-01T23:59:59+00:00,2026-03-31T23:59:59+00:00,Shared high-risk counterparty hub,4,True,True,False,False,False,,False,,1,869.2,T003282,configured_threshold,passed
RR-E53407431688,C0106,TM-NET-001,TM-RULES-2.0,AML-FEATURES-2.0,network,merchant_payout,2026-03-01T23:59:59+00:00,2026-03-31T23:59:59+00:00,Shared high-risk counterparty hub,4,True,True,True,True,False,,True,,2,3372.02,T003301;T003326,configured_threshold,passed
RR-07649928E828,C0107,TM-NET-001,TM-RULES-2.0,AML-FEATURES-2.0,network,smb_card,2026-03-01T23:59:59+00:00,2026-03-31T23:59:59+00:00,Shared high-risk counterparty hub,4,True,True,True,True,False,,True,,4,3689.39,T003342;T003335;T003341;T003357,configured_threshold,passed
RR-63B18158CA43,C0108,TM-NET-001,TM-RULES-2.0,AML-FEATURES-2.0,network,smb_card,2026-03-01T23:59:59+00:00,2026-03-31T23:59:59+00:00,Shared high-risk counterparty hub,4,True,True,True,True,False,,True,,5,5085.07,T003368;T003387;T003403;T003385;T003381,configured_threshold,passed
RR-1203FDBFAACA,C0109,TM-NET-001,TM-RULES-2.0,AML-FEATURES-2.0,network,consumer_wallet,2026-03-01T23:59:59+00:00,2026-03-31T23:59:59+00:00,Shared high-risk counterparty hub,4,True,True,False,False,False,,False,,1,749.88,T003433,configured_threshold,passed
RR-4525C4AB4483,C0110,TM-NET-001,TM-RULES-2.0,AML-FEATURES-2.0,network,smb_card,2026-03-01T23:59:59+00:00,2026-03-31T23:59:59+00:00,Shared high-risk counterparty hub,4,True,True,True,True,False,,True,,2,4522.33,T003490;T003505,configured_threshold,passed
RR-71D391D680FB,C0111,TM-NET-001,TM-RULES-2.0,AML-FEATURES-2.0,network,consumer_wallet,2026-03-01T23:59:59+00:00,2026-03-31T23:59:59+00:00,Shared high-risk counterparty hub,4,True,True,True,True,False,,True,,3,3376.34,T003518;T003534;T003542,configured_threshold,passed
RR-6F24D9B847ED,C0112,TM-NET-001,TM-RULES-2.0,AML-FEATURES-2.0,network,cross_border,2026-03-01T23:59:59+00:00,2026-03-31T23:59:59+00:00,Shared high-risk counterparty hub,4,True,True,True,True,False,,True,,3,3892.2,T003569;T003564;T003549,configured_threshold,passed
RR-CAB9CFB9DC27,C0113,TM-NET-001,TM-RULES-2.0,AML-FEATURES-2.0,network,smb_card,2026-03-01T23:59:59+00:00,2026-03-31T23:59:59+00:00,Shared high-risk counterparty hub,4,True,True,False,False,False,,False,,1,391.08,T003585,configured_threshold,passed
RR-7238FC91A5B6,C0114,TM-NET-001,TM-RULES-2.0,AML-FEATURES-2.0,network,cross_border,2026-03-01T23:59:59+00:00,2026-03-31T23:59:59+00:00,Shared high-risk counterparty hub,4,True,True,False,False,False,,False,,1,462.46,T003617,configured_threshold,passed
RR-5FAB1929CD92,C0115,TM-NET-001,TM-RULES-2.0,AML-FEATURES-2.0,network,smb_card,2026-03-01T23:59:59+00:00,2026-03-31T23:59:59+00:00,Shared high-risk counterparty hub,4,True,True,False,False,False,,False,,1,53.34,T003650,configured_threshold,passed
RR-691A9E8A2846,C0117,TM-NET-001,TM-RULES-2.0,AML-FEATURES-2.0,network,consumer_wallet,2026-03-01T23:59:59+00:00,2026-03-31T23:59:59+00:00,Shared high-risk counterparty hub,4,True,True,True,True,False,,True,,2,3651.58,T003703;T003709,configured_threshold,passed
RR-7A3151A76324,C0118,TM-NET-001,TM-RULES-2.0,AML-FEATURES-2.0,network,smb_card,2026-03-01T23:59:59+00:00,2026-03-31T23:59:59+00:00,Shared high-risk counterparty hub,4,True,True,True,True,False,,True,,2,1558.32,T003734;T003762,configured_threshold,passed
RR-96AA5B386558,C0119,TM-NET-001,TM-RULES-2.0,AML-FEATURES-2.0,network,consumer_wallet,2026-03-01T23:59:59+00:00,2026-03-31T23:59:59+00:00,Shared high-risk counterparty hub,4,True,True,True,True,False,,True,,3,5668.46,T003772;T003783;T003780,configured_threshold,passed
RR-F51CFB8DD04A,C0120,TM-NET-001,TM-RULES-2.0,AML-FEATURES-2.0,network,smb_card,2026-03-01T23:59:59+00:00,2026-03-31T23:59:59+00:00,Shared high-risk counterparty hub,4,True,True,True,True,False,,True,,3,2151.25,T003817;T003821;T003798,configured_threshold,passed
