customer_id,rule_id,primary_triggered,primary_alert_generated,primary_suppression_applied,primary_evidence_count,primary_evidence_transaction_ids,independent_triggered,independent_alert_generated,independent_suppression_applied,independent_evidence_count,independent_evidence_transaction_ids,reconciliation_status
C0001,TM-FLOW-001,False,False,False,9,T000055;T000003;T000023;T000034;T000026;T000061;T000038;T000043;T000049,False,False,False,9,T000055;T000003;T000023;T000034;T000026;T000061;T000038;T000043;T000049,matched
C0001,TM-GEO-001,True,True,False,4,T000023;T000034;T000026;T000038,True,True,False,4,T000023;T000034;T000026;T000038,matched
C0001,TM-NET-001,True,True,False,5,T000055;T000023;T000026;T000043;T000049,True,True,False,5,T000055;T000023;T000026;T000043;T000049,matched
C0002,TM-FLOW-001,False,False,False,1,T000082,False,False,False,1,T000082,matched
C0002,TM-NET-001,False,False,False,1,T000082,False,False,False,1,T000082,matched
C0003,TM-FLOW-001,False,False,False,4,T000118;T000119;T000101;T000107,False,False,False,4,T000118;T000119;T000101;T000107,matched
C0003,TM-NET-001,True,True,False,4,T000118;T000119;T000101;T000107,True,True,False,4,T000118;T000119;T000101;T000107,matched
C0004,TM-FLOW-001,False,False,False,5,T000150;T000140;T000152;T000155;T000162,False,False,False,5,T000150;T000140;T000152;T000155;T000162,matched
C0004,TM-NET-001,True,True,False,3,T000152;T000155;T000162,True,True,False,3,T000152;T000155;T000162,matched
C0005,TM-FLOW-001,False,False,False,10,T000201;T000169;T000218;T000173;T000167;T000221;T000191;T000220;T000177;T000185,False,False,False,10,T000201;T000169;T000218;T000173;T000167;T000221;T000191;T000220;T000177;T000185,matched
C0005,TM-NET-001,True,True,False,4,T000169;T000167;T000221;T000177,True,True,False,4,T000169;T000167;T000221;T000177,matched
C0006,TM-FLOW-001,False,False,False,2,T000232;T000236,False,False,False,2,T000232;T000236,matched
C0006,TM-NET-001,True,True,False,2,T000232;T000236,True,True,False,2,T000232;T000236,matched
C0007,TM-FLOW-001,False,False,False,2,T000257;T000253,False,False,False,2,T000257;T000253,matched
C0007,TM-NET-001,False,False,False,1,T000253,False,False,False,1,T000253,matched
C0008,TM-FLOW-001,False,False,False,2,T000284;T000287,False,False,False,2,T000284;T000287,matched
C0008,TM-NET-001,False,False,False,1,T000284,False,False,False,1,T000284,matched
C0009,TM-FLOW-001,False,False,False,3,T000320;T000312;T000315,False,False,False,3,T000320;T000312;T000315,matched
C0009,TM-NET-001,True,True,False,3,T000320;T000312;T000315,True,True,False,3,T000320;T000312;T000315,matched
C0010,TM-FLOW-001,False,False,False,3,T000341;T000340;T000338,False,False,False,3,T000341;T000340;T000338,matched
C0010,TM-NET-001,True,True,False,2,T000341;T000338,True,True,False,2,T000341;T000338,matched
C0011,TM-FLOW-001,False,False,False,6,T000393;T000358;T000367;T000356;T000359;T000385,False,False,False,6,T000393;T000358;T000367;T000356;T000359;T000385,matched
C0011,TM-GEO-001,False,False,False,1,T000385,False,False,False,1,T000385,matched
C0011,TM-NET-001,True,True,False,2,T000358;T000359,True,True,False,2,T000358;T000359,matched
C0012,TM-FLOW-001,False,False,False,10,T000398;T000433;T000403;T000420;T000400;T000415;T000430;T000431;T000410;T000419,False,False,False,10,T000398;T000433;T000403;T000420;T000400;T000415;T000430;T000431;T000410;T000419,matched
C0012,TM-GEO-001,False,False,False,2,T000420;T000410,False,False,False,2,T000420;T000410,matched
C0012,TM-NET-001,True,True,False,7,T000433;T000403;T000420;T000400;T000415;T000430;T000419,True,True,False,7,T000433;T000403;T000420;T000400;T000415;T000430;T000419,matched
C0013,TM-FLOW-001,False,False,False,5,T000462;T000446;T000444;T000470;T000473,False,False,False,5,T000462;T000446;T000444;T000470;T000473,matched
C0013,TM-GEO-001,False,False,False,2,T000444;T000470,False,False,False,2,T000444;T000470,matched
C0013,TM-NET-001,True,True,False,3,T000444;T000470;T000473,True,True,False,3,T000444;T000470;T000473,matched
C0014,TM-FLOW-001,False,False,False,1,T000482,False,False,False,1,T000482,matched
C0014,TM-NET-001,False,False,False,1,T000482,False,False,False,1,T000482,matched
C0015,TM-FLOW-001,False,False,False,4,T000516;T000531;T000523;T000539,False,False,False,4,T000516;T000531;T000523;T000539,matched
C0015,TM-GEO-001,False,False,False,1,T000539,False,False,False,1,T000539,matched
C0015,TM-NET-001,True,True,False,3,T000516;T000523;T000539,True,True,False,3,T000516;T000523;T000539,matched
C0017,TM-FLOW-001,False,False,False,2,T000572;T000579,False,False,False,2,T000572;T000579,matched
C0017,TM-NET-001,False,False,False,1,T000572,False,False,False,1,T000572,matched
C0018,TM-FLOW-001,False,False,False,1,T000595,False,False,False,1,T000595,matched
C0018,TM-GEO-001,False,False,False,1,T000595,False,False,False,1,T000595,matched
C0019,TM-FLOW-001,False,False,False,8,T000620;T000671;T000640;T000615;T000638;T000658;T000651;T000666,False,False,False,8,T000620;T000671;T000640;T000615;T000638;T000658;T000651;T000666,matched
C0019,TM-GEO-001,True,True,False,5,T000671;T000640;T000615;T000658;T000651,True,True,False,5,T000671;T000640;T000615;T000658;T000651,matched
C0019,TM-NET-001,True,True,False,5,T000671;T000638;T000658;T000651;T000666,True,True,False,5,T000671;T000638;T000658;T000651;T000666,matched
C0020,TM-FLOW-001,False,False,False,3,T000673;T000686;T000675,False,False,False,3,T000673;T000686;T000675,matched
C0020,TM-GEO-001,False,False,False,1,T000686,False,False,False,1,T000686,matched
C0020,TM-NET-001,False,False,False,1,T000675,False,False,False,1,T000675,matched
C0021,TM-FLOW-001,False,False,False,5,T000719;T000720;T000736;T000712;T000716,False,False,False,5,T000719;T000720;T000736;T000712;T000716,matched
C0021,TM-GEO-001,False,False,False,2,T000712;T000716,False,False,False,2,T000712;T000716,matched
C0021,TM-NET-001,True,True,False,4,T000719;T000736;T000712;T000716,True,True,False,4,T000719;T000736;T000712;T000716,matched
C0022,TM-FLOW-001,False,False,False,3,T000750;T000751;T000754,False,False,False,3,T000750;T000751;T000754,matched
C0022,TM-GEO-001,False,False,False,2,T000750;T000754,False,False,False,2,T000750;T000754,matched
C0022,TM-NET-001,True,True,False,2,T000750;T000751,True,True,False,2,T000750;T000751,matched
C0023,TM-FLOW-001,False,False,False,6,T000781;T000795;T000789;T000783;T000790;T000777,False,False,False,6,T000781;T000795;T000789;T000783;T000790;T000777,matched
C0023,TM-GEO-001,False,False,False,2,T000795;T000790,False,False,False,2,T000795;T000790,matched
C0023,TM-NET-001,True,True,False,3,T000783;T000790;T000777,True,True,False,3,T000783;T000790;T000777,matched
C0024,TM-FLOW-001,False,False,False,3,T000828;T000815;T000817,False,False,False,3,T000828;T000815;T000817,matched
C0024,TM-GEO-001,False,False,False,1,T000817,False,False,False,1,T000817,matched
C0024,TM-NET-001,True,True,False,2,T000828;T000815,True,True,False,2,T000828;T000815,matched
C0024,TM-RAPID-001,False,False,False,1,T000817,False,False,False,1,T000817,matched
C0025,TM-FLOW-001,False,False,False,2,T000840;T000833,False,False,False,2,T000840;T000833,matched
C0025,TM-NET-001,False,False,False,1,T000833,False,False,False,1,T000833,matched
C0026,TM-FLOW-001,False,False,False,5,T000859;T000860;T000864;T000849;T000861,False,False,False,5,T000859;T000860;T000864;T000849;T000861,matched
C0026,TM-GEO-001,False,False,False,2,T000849;T000861,False,False,False,2,T000849;T000861,matched
C0026,TM-NET-001,True,True,False,3,T000859;T000860;T000864,True,True,False,3,T000859;T000860;T000864,matched
C0027,TM-FLOW-001,True,True,False,10,T000900;T000915;T000901;T000889;T000898;T000923;T000896;T000870;T000924;T000890,True,True,False,10,T000900;T000915;T000901;T000889;T000898;T000923;T000896;T000870;T000924;T000890,matched
C0027,TM-GEO-001,False,False,False,1,T000898,False,False,False,1,T000898,matched
C0027,TM-NET-001,True,True,False,6,T000915;T000901;T000923;T000896;T000924;T000890,True,True,False,6,T000915;T000901;T000923;T000896;T000924;T000890,matched
C0027,TM-STRUCT-001,False,False,False,1,T000924,False,False,False,1,T000924,matched
C0028,TM-FLOW-001,False,False,False,5,T000929;T000937;T000952;T000951;T000931,False,False,False,5,T000929;T000937;T000952;T000951;T000931,matched
C0028,TM-GEO-001,False,False,False,3,T000937;T000952;T000951,False,False,False,3,T000937;T000952;T000951,matched
C0028,TM-NET-001,True,True,False,4,T000929;T000937;T000952;T000931,True,True,False,4,T000929;T000937;T000952;T000931,matched
C0028,TM-RAPID-001,False,False,False,1,T000931,False,False,False,1,T000931,matched
C0029,TM-FLOW-001,False,False,False,6,T000969;T000960;T000987;T000983;T000975;T000976,False,False,False,6,T000969;T000960;T000987;T000983;T000975;T000976,matched
C0029,TM-GEO-001,False,False,False,1,T000960,False,False,False,1,T000960,matched
C0029,TM-NET-001,True,True,False,2,T000975;T000976,True,True,False,2,T000975;T000976,matched
C0030,TM-FLOW-001,False,False,False,4,T001002;T000994;T000993;T001012,False,False,False,4,T001002;T000994;T000993;T001012,matched
C0030,TM-NET-001,False,False,False,1,T001002,False,False,False,1,T001002,matched
C0031,TM-FLOW-001,False,False,False,4,T001023;T001046;T001022;T001037,False,False,False,4,T001023;T001046;T001022;T001037,matched
C0031,TM-GEO-001,False,False,False,1,T001023,False,False,False,1,T001023,matched
C0031,TM-NET-001,True,True,False,3,T001023;T001022;T001037,True,True,False,3,T001023;T001022;T001037,matched
C0032,TM-FLOW-001,False,False,False,6,T001051;T001075;T001050;T001063;T001076;T001061,False,False,False,6,T001051;T001075;T001050;T001063;T001076;T001061,matched
C0032,TM-GEO-001,False,False,False,2,T001050;T001076,False,False,False,2,T001050;T001076,matched
C0032,TM-NET-001,True,True,False,2,T001075;T001050,True,True,False,2,T001075;T001050,matched
C0033,TM-FLOW-001,False,False,False,7,T001093;T001099;T001095;T001083;T001103;T001097;T001104,False,False,False,7,T001093;T001099;T001095;T001083;T001103;T001097;T001104,matched
C0033,TM-GEO-001,False,False,False,3,T001093;T001095;T001083,False,False,False,3,T001093;T001095;T001083,matched
C0033,TM-NET-001,True,True,False,4,T001099;T001095;T001097;T001104,True,True,False,4,T001099;T001095;T001097;T001104,matched
C0034,TM-FLOW-001,False,False,False,3,T001111;T001115;T001112,False,False,False,3,T001111;T001115;T001112,matched
C0034,TM-GEO-001,False,False,False,1,T001115,False,False,False,1,T001115,matched
C0034,TM-NET-001,True,True,False,2,T001111;T001112,True,True,False,2,T001111;T001112,matched
C0035,TM-FLOW-001,False,False,False,6,T001147;T001182;T001179;T001160;T001154;T001156,False,False,False,6,T001147;T001182;T001179;T001160;T001154;T001156,matched
C0035,TM-GEO-001,False,False,False,1,T001147,False,False,False,1,T001147,matched
C0035,TM-NET-001,True,True,False,4,T001147;T001160;T001154;T001156,True,True,False,4,T001147;T001160;T001154;T001156,matched
C0036,TM-FLOW-001,False,False,False,4,T001196;T001187;T001186;T001197,False,False,False,4,T001196;T001187;T001186;T001197,matched
C0036,TM-GEO-001,False,False,False,1,T001196,False,False,False,1,T001196,matched
C0036,TM-NET-001,True,True,False,2,T001186;T001197,True,True,False,2,T001186;T001197,matched
C0037,TM-FLOW-001,False,False,False,8,T001222;T001256;T001247;T001263;T001220;T001259;T001231;T001224,False,False,False,8,T001222;T001256;T001247;T001263;T001220;T001259;T001231;T001224,matched
C0037,TM-GEO-001,False,False,False,3,T001247;T001263;T001231,False,False,False,3,T001247;T001263;T001231,matched
C0037,TM-NET-001,True,True,False,4,T001247;T001220;T001259;T001224,True,True,False,4,T001247;T001220;T001259;T001224,matched
C0038,TM-FLOW-001,False,False,False,3,T001276;T001275;T001282,False,False,False,3,T001276;T001275;T001282,matched
C0038,TM-GEO-001,False,False,False,2,T001276;T001275,False,False,False,2,T001276;T001275,matched
C0038,TM-NET-001,True,True,False,2,T001275;T001282,True,True,False,2,T001275;T001282,matched
C0039,TM-FLOW-001,False,False,False,2,T001291;T001303,False,False,False,2,T001291;T001303,matched
C0039,TM-NET-001,False,False,False,1,T001303,False,False,False,1,T001303,matched
C0040,TM-FLOW-001,False,False,False,5,T001339;T001324;T001336;T001317;T001335,False,False,False,5,T001339;T001324;T001336;T001317;T001335,matched
C0040,TM-GEO-001,False,False,False,1,T001324,False,False,False,1,T001324,matched
C0040,TM-NET-001,True,True,False,4,T001339;T001336;T001317;T001335,True,True,False,4,T001339;T001336;T001317;T001335,matched
C0041,TM-FLOW-001,False,False,False,5,T001348;T001392;T001393;T001353;T001350,False,False,False,5,T001348;T001392;T001393;T001353;T001350,matched
C0041,TM-GEO-001,False,False,False,2,T001348;T001392,False,False,False,2,T001348;T001392,matched
C0041,TM-NET-001,False,False,False,1,T001350,False,False,False,1,T001350,matched
C0042,TM-FLOW-001,False,False,False,4,T001402;T001399;T001410;T001401,False,False,False,4,T001402;T001399;T001410;T001401,matched
C0042,TM-GEO-001,False,False,False,2,T001402;T001401,False,False,False,2,T001402;T001401,matched
C0042,TM-NET-001,True,True,False,3,T001402;T001399;T001410,True,True,False,3,T001402;T001399;T001410,matched
C0043,TM-FLOW-001,False,False,False,4,T001437;T001434;T001442;T001440,False,False,False,4,T001437;T001434;T001442;T001440,matched
C0043,TM-NET-001,True,True,False,3,T001437;T001434;T001442,True,True,False,3,T001437;T001434;T001442,matched
C0044,TM-FLOW-001,False,False,False,3,T001488;T001468;T001455,False,False,False,3,T001488;T001468;T001455,matched
C0044,TM-GEO-001,False,False,False,1,T001455,False,False,False,1,T001455,matched
C0044,TM-NET-001,True,True,False,2,T001488;T001468,True,True,False,2,T001488;T001468,matched
C0045,TM-FLOW-001,False,False,False,5,T001531;T001515;T001511;T001498;T001517,False,False,False,5,T001531;T001515;T001511;T001498;T001517,matched
C0045,TM-NET-001,True,True,False,4,T001531;T001515;T001511;T001517,True,True,False,4,T001531;T001515;T001511;T001517,matched
C0045,TM-RAPID-001,False,False,False,1,T001517,False,False,False,1,T001517,matched
C0046,TM-FLOW-001,False,False,False,6,T001550;T001541;T001549;T001558;T001553;T001551,False,False,False,6,T001550;T001541;T001549;T001558;T001553;T001551,matched
C0046,TM-GEO-001,False,False,False,2,T001553;T001551,False,False,False,2,T001553;T001551,matched
C0046,TM-NET-001,True,True,False,4,T001541;T001549;T001558;T001551,True,True,False,4,T001541;T001549;T001558;T001551,matched
C0046,TM-RAPID-001,False,False,False,3,T001558;T001553;T001551,False,False,False,3,T001558;T001553;T001551,matched
C0047,TM-FLOW-001,False,False,False,5,T001572;T001581;T001569;T001574;T001579,False,False,False,5,T001572;T001581;T001569;T001574;T001579,matched
C0047,TM-GEO-001,False,False,False,1,T001572,False,False,False,1,T001572,matched
C0047,TM-NET-001,True,True,False,3,T001572;T001574;T001579,True,True,False,3,T001572;T001574;T001579,matched
C0048,TM-FLOW-001,False,False,False,6,T001631;T001613;T001623;T001595;T001609;T001626,False,False,False,6,T001631;T001613;T001623;T001595;T001609;T001626,matched
C0048,TM-NET-001,True,True,False,3,T001623;T001595;T001626,True,True,False,3,T001623;T001595;T001626,matched
C0049,TM-FLOW-001,False,False,False,2,T001644;T001645,False,False,False,2,T001644;T001645,matched
C0049,TM-NET-001,False,False,False,1,T001644,False,False,False,1,T001644,matched
C0050,TM-FLOW-001,False,False,False,2,T001664;T001670,False,False,False,2,T001664;T001670,matched
C0050,TM-GEO-001,False,False,False,1,T001670,False,False,False,1,T001670,matched
C0050,TM-NET-001,False,False,False,1,T001670,False,False,False,1,T001670,matched
C0051,TM-FLOW-001,False,False,False,3,T001698;T001699;T001711,False,False,False,3,T001698;T001699;T001711,matched
C0051,TM-NET-001,True,True,False,2,T001698;T001711,True,True,False,2,T001698;T001711,matched
C0052,TM-FLOW-001,False,False,False,4,T001728;T001720;T001730;T001718,False,False,False,4,T001728;T001720;T001730;T001718,matched
C0052,TM-NET-001,True,True,False,3,T001720;T001730;T001718,True,True,False,3,T001720;T001730;T001718,matched
C0053,TM-FLOW-001,False,False,False,4,T001743;T001768;T001760;T001737,False,False,False,4,T001743;T001768;T001760;T001737,matched
C0053,TM-GEO-001,False,False,False,1,T001737,False,False,False,1,T001737,matched
C0053,TM-NET-001,True,True,False,4,T001743;T001768;T001760;T001737,True,True,False,4,T001743;T001768;T001760;T001737,matched
C0053,TM-RAPID-001,False,False,False,1,T001737,False,False,False,1,T001737,matched
C0054,TM-FLOW-001,False,False,False,9,T001786;T001799;T001804;T001775;T001789;T001788;T001778;T001793;T001783,False,False,False,9,T001786;T001799;T001804;T001775;T001789;T001788;T001778;T001793;T001783,matched
C0054,TM-GEO-001,False,False,False,2,T001789;T001783,False,False,False,2,T001789;T001783,matched
C0054,TM-NET-001,True,True,False,8,T001786;T001799;T001804;T001775;T001789;T001788;T001793;T001783,True,True,False,8,T001786;T001799;T001804;T001775;T001789;T001788;T001793;T001783,matched
C0055,TM-FLOW-001,False,False,False,3,T001810;T001819;T001818,False,False,False,3,T001810;T001819;T001818,matched
C0055,TM-GEO-001,False,False,False,2,T001819;T001818,False,False,False,2,T001819;T001818,matched
C0055,TM-NET-001,True,True,False,2,T001810;T001819,True,True,False,2,T001810;T001819,matched
C0056,TM-FLOW-001,False,False,False,2,T001833;T001873,False,False,False,2,T001833;T001873,matched
C0056,TM-NET-001,True,True,False,2,T001833;T001873,True,True,False,2,T001833;T001873,matched
C0057,TM-FLOW-001,False,False,False,1,T001889,False,False,False,1,T001889,matched
C0057,TM-GEO-001,False,False,False,1,T001889,False,False,False,1,T001889,matched
C0058,TM-FLOW-001,False,False,False,6,T001924;T001904;T001922;T001901;T001910;T001921,False,False,False,6,T001924;T001904;T001922;T001901;T001910;T001921,matched
C0058,TM-GEO-001,False,False,False,1,T001904,False,False,False,1,T001904,matched
C0058,TM-NET-001,True,True,False,5,T001924;T001904;T001922;T001901;T001921,True,True,False,5,T001924;T001904;T001922;T001901;T001921,matched
C0058,TM-RAPID-001,False,False,False,1,T001921,False,False,False,1,T001921,matched
C0059,TM-FLOW-001,False,False,False,3,T001940;T001938;T001932,False,False,False,3,T001940;T001938;T001932,matched
C0059,TM-GEO-001,False,False,False,1,T001938,False,False,False,1,T001938,matched
C0059,TM-NET-001,True,True,False,3,T001940;T001938;T001932,True,True,False,3,T001940;T001938;T001932,matched
C0060,TM-FLOW-001,False,False,False,2,T001954;T001958,False,False,False,2,T001954;T001958,matched
C0060,TM-NET-001,True,True,False,2,T001954;T001958,True,True,False,2,T001954;T001958,matched
C0061,TM-FLOW-001,False,False,False,2,T001977;T001975,False,False,False,2,T001977;T001975,matched
C0061,TM-NET-001,False,False,False,1,T001975,False,False,False,1,T001975,matched
C0062,TM-FLOW-001,False,False,False,2,T001992;T002009,False,False,False,2,T001992;T002009,matched
C0062,TM-NET-001,True,True,False,2,T001992;T002009,True,True,False,2,T001992;T002009,matched
C0063,TM-FLOW-001,False,False,False,7,T002060;T002062;T002051;T002054;T002040;T002057;T002016,False,False,False,7,T002060;T002062;T002051;T002054;T002040;T002057;T002016,matched
C0063,TM-GEO-001,False,False,False,1,T002040,False,False,False,1,T002040,matched
C0063,TM-NET-001,True,True,False,6,T002060;T002062;T002051;T002054;T002040;T002057,True,True,False,6,T002060;T002062;T002051;T002054;T002040;T002057,matched
C0064,TM-FLOW-001,False,False,False,4,T002091;T002082;T002092;T002080,False,False,False,4,T002091;T002082;T002092;T002080,matched
C0064,TM-NET-001,True,True,False,2,T002091;T002080,True,True,False,2,T002091;T002080,matched
C0065,TM-FLOW-001,True,True,False,9,T002134;T002149;T002112;T002118;T002150;T002145;T002133;T002120;T002103,True,True,False,9,T002134;T002149;T002112;T002118;T002150;T002145;T002133;T002120;T002103,matched
C0065,TM-GEO-001,False,False,False,2,T002112;T002103,False,False,False,2,T002112;T002103,matched
C0065,TM-NET-001,True,True,False,5,T002149;T002112;T002133;T002120;T002103,True,True,False,5,T002149;T002112;T002133;T002120;T002103,matched
C0065,TM-RAPID-001,False,False,False,2,T002120;T002103,False,False,False,2,T002120;T002103,matched
C0066,TM-FLOW-001,False,False,False,4,T002157;T002169;T002159;T002166,False,False,False,4,T002157;T002169;T002159;T002166,matched
C0066,TM-NET-001,True,True,False,4,T002157;T002169;T002159;T002166,True,True,False,4,T002157;T002169;T002159;T002166,matched
C0067,TM-FLOW-001,False,False,False,2,T002186;T002183,False,False,False,2,T002186;T002183,matched
C0067,TM-GEO-001,False,False,False,1,T002183,False,False,False,1,T002183,matched
C0067,TM-NET-001,True,True,False,2,T002186;T002183,True,True,False,2,T002186;T002183,matched
C0067,TM-RAPID-001,False,False,False,1,T002183,False,False,False,1,T002183,matched
C0068,TM-FLOW-001,False,False,False,1,T002193,False,False,False,1,T002193,matched
C0068,TM-NET-001,False,False,False,1,T002193,False,False,False,1,T002193,matched
C0069,TM-FLOW-001,False,False,False,1,T002227,False,False,False,1,T002227,matched
C0069,TM-NET-001,False,False,False,1,T002227,False,False,False,1,T002227,matched
C0070,TM-FLOW-001,False,False,False,3,T002243;T002249;T002250,False,False,False,3,T002243;T002249;T002250,matched
C0070,TM-GEO-001,False,False,False,1,T002243,False,False,False,1,T002243,matched
C0070,TM-NET-001,True,True,False,2,T002249;T002250,True,True,False,2,T002249;T002250,matched
C0071,TM-FLOW-001,False,False,False,4,T002279;T002261;T002280;T002278,False,False,False,4,T002279;T002261;T002280;T002278,matched
C0071,TM-GEO-001,False,False,False,1,T002279,False,False,False,1,T002279,matched
C0071,TM-NET-001,True,True,False,3,T002279;T002261;T002280,True,True,False,3,T002279;T002261;T002280,matched
C0072,TM-FLOW-001,False,False,False,3,T002283;T002311;T002284,False,False,False,3,T002283;T002311;T002284,matched
C0072,TM-GEO-001,False,False,False,1,T002284,False,False,False,1,T002284,matched
C0073,TM-FLOW-001,False,False,False,5,T002347;T002339;T002343;T002325;T002321,False,False,False,5,T002347;T002339;T002343;T002325;T002321,matched
C0073,TM-GEO-001,False,False,False,1,T002339,False,False,False,1,T002339,matched
C0073,TM-NET-001,True,True,False,4,T002339;T002343;T002325;T002321,True,True,False,4,T002339;T002343;T002325;T002321,matched
C0074,TM-FLOW-001,False,False,False,5,T002356;T002387;T002377;T002384;T002353,False,False,False,5,T002356;T002387;T002377;T002384;T002353,matched
C0074,TM-NET-001,False,False,False,1,T002377,False,False,False,1,T002377,matched
C0075,TM-FLOW-001,False,False,False,3,T002428;T002404;T002409,False,False,False,3,T002428;T002404;T002409,matched
C0075,TM-GEO-001,False,False,False,1,T002409,False,False,False,1,T002409,matched
C0075,TM-NET-001,True,True,False,2,T002404;T002409,True,True,False,2,T002404;T002409,matched
C0076,TM-FLOW-001,False,False,False,1,T002455,False,False,False,1,T002455,matched
C0076,TM-NET-001,False,False,False,1,T002455,False,False,False,1,T002455,matched
C0077,TM-FLOW-001,False,False,False,3,T002473;T002487;T002480,False,False,False,3,T002473;T002487;T002480,matched
C0077,TM-NET-001,True,True,False,2,T002473;T002487,True,True,False,2,T002473;T002487,matched
C0078,TM-FLOW-001,False,False,False,3,T002509;T002507;T002511,False,False,False,3,T002509;T002507;T002511,matched
C0078,TM-NET-001,False,False,False,1,T002507,False,False,False,1,T002507,matched
C0081,TM-FLOW-001,False,False,False,2,T002577;T002573,False,False,False,2,T002577;T002573,matched
C0081,TM-GEO-001,False,False,False,2,T002577;T002573,False,False,False,2,T002577;T002573,matched
C0081,TM-NET-001,True,True,False,2,T002577;T002573,True,True,False,2,T002577;T002573,matched
C0082,TM-FLOW-001,False,False,False,3,T002610;T002600;T002594,False,False,False,3,T002610;T002600;T002594,matched
C0082,TM-GEO-001,False,False,False,1,T002610,False,False,False,1,T002610,matched
C0082,TM-NET-001,True,True,False,2,T002610;T002594,True,True,False,2,T002610;T002594,matched
C0083,TM-FLOW-001,False,False,False,1,T002632,False,False,False,1,T002632,matched
C0084,TM-FLOW-001,False,False,False,6,T002650;T002640;T002645;T002657;T002643;T002641,False,False,False,6,T002650;T002640;T002645;T002657;T002643;T002641,matched
C0084,TM-GEO-001,False,False,False,1,T002641,False,False,False,1,T002641,matched
C0084,TM-NET-001,True,True,False,5,T002650;T002640;T002645;T002657;T002641,True,True,False,5,T002650;T002640;T002645;T002657;T002641,matched
C0085,TM-FLOW-001,False,False,False,6,T002664;T002685;T002678;T002672;T002684;T002666,False,False,False,6,T002664;T002685;T002678;T002672;T002684;T002666,matched
C0085,TM-GEO-001,False,False,False,2,T002678;T002672,False,False,False,2,T002678;T002672,matched
C0085,TM-NET-001,True,True,False,3,T002664;T002678;T002666,True,True,False,3,T002664;T002678;T002666,matched
C0086,TM-FLOW-001,False,False,False,1,T002706,False,False,False,1,T002706,matched
C0087,TM-FLOW-001,False,False,False,3,T002716;T002713;T002715,False,False,False,3,T002716;T002713;T002715,matched
C0087,TM-GEO-001,False,False,False,1,T002715,False,False,False,1,T002715,matched
C0087,TM-NET-001,True,True,False,2,T002716;T002715,True,True,False,2,T002716;T002715,matched
C0088,TM-FLOW-001,False,False,False,3,T002735;T002739;T002742,False,False,False,3,T002735;T002739;T002742,matched
C0088,TM-GEO-001,False,False,False,1,T002742,False,False,False,1,T002742,matched
C0088,TM-NET-001,True,True,False,3,T002735;T002739;T002742,True,True,False,3,T002735;T002739;T002742,matched
C0089,TM-FLOW-001,False,False,False,2,T002758;T002780,False,False,False,2,T002758;T002780,matched
C0089,TM-NET-001,False,False,False,1,T002780,False,False,False,1,T002780,matched
C0090,TM-FLOW-001,False,False,False,5,T002810;T002828;T002813;T002804;T002790,False,False,False,5,T002810;T002828;T002813;T002804;T002790,matched
C0090,TM-GEO-001,False,False,False,2,T002813;T002790,False,False,False,2,T002813;T002790,matched
C0090,TM-NET-001,True,True,False,4,T002810;T002828;T002813;T002790,True,True,False,4,T002810;T002828;T002813;T002790,matched
C0091,TM-FLOW-001,False,False,False,2,T002870;T002869,False,False,False,2,T002870;T002869,matched
C0091,TM-GEO-001,False,False,False,1,T002869,False,False,False,1,T002869,matched
C0091,TM-NET-001,False,False,False,1,T002870,False,False,False,1,T002870,matched
C0092,TM-FLOW-001,True,True,False,9,T002927;T002880;T002882;T002924;T002925;T002909;T002897;T002895;T002915,True,True,False,9,T002927;T002880;T002882;T002924;T002925;T002909;T002897;T002895;T002915,matched
C0092,TM-GEO-001,False,False,False,2,T002927;T002897,False,False,False,2,T002927;T002897,matched
C0092,TM-NET-001,True,True,False,4,T002880;T002882;T002924;T002925,True,True,False,4,T002880;T002882;T002924;T002925,matched
C0093,TM-FLOW-001,False,False,False,6,T002947;T002958;T002952;T002943;T002954;T002964,False,False,False,6,T002947;T002958;T002952;T002943;T002954;T002964,matched
C0093,TM-GEO-001,False,False,False,2,T002947;T002954,False,False,False,2,T002947;T002954,matched
C0093,TM-NET-001,True,True,False,3,T002947;T002943;T002954,True,True,False,3,T002947;T002943;T002954,matched
C0094,TM-FLOW-001,False,False,False,6,T002982;T002979;T002971;T002989;T002974;T002993,False,False,False,6,T002982;T002979;T002971;T002989;T002974;T002993,matched
C0094,TM-GEO-001,False,False,False,2,T002982;T002971,False,False,False,2,T002982;T002971,matched
C0094,TM-NET-001,True,True,False,3,T002989;T002974;T002993,True,True,False,3,T002989;T002974;T002993,matched
C0095,TM-FLOW-001,False,False,False,2,T002997;T003014,False,False,False,2,T002997;T003014,matched
C0097,TM-FLOW-001,False,False,False,5,T003053;T003052;T003048;T003064;T003068,False,False,False,5,T003053;T003052;T003048;T003064;T003068,matched
C0097,TM-GEO-001,False,False,False,2,T003053;T003068,False,False,False,2,T003053;T003068,matched
C0097,TM-NET-001,True,True,False,4,T003053;T003052;T003064;T003068,True,True,False,4,T003053;T003052;T003064;T003068,matched
C0098,TM-FLOW-001,False,False,False,5,T003097;T003095;T003112;T003098;T003106,False,False,False,5,T003097;T003095;T003112;T003098;T003106,matched
C0098,TM-GEO-001,False,False,False,2,T003098;T003106,False,False,False,2,T003098;T003106,matched
C0098,TM-NET-001,True,True,False,4,T003097;T003095;T003112;T003106,True,True,False,4,T003097;T003095;T003112;T003106,matched
C0098,TM-RAPID-001,False,False,False,1,T003106,False,False,False,1,T003106,matched
C0099,TM-FLOW-001,False,False,False,3,T003128;T003121;T003131,False,False,False,3,T003128;T003121;T003131,matched
C0099,TM-GEO-001,False,False,False,3,T003128;T003121;T003131,False,False,False,3,T003128;T003121;T003131,matched
C0099,TM-NET-001,False,False,False,1,T003128,False,False,False,1,T003128,matched
C0100,TM-FLOW-001,False,False,False,8,T003135;T003145;T003143;T003148;T003152;T003153;T003150;T003140,False,False,False,8,T003135;T003145;T003143;T003148;T003152;T003153;T003150;T003140,matched
C0100,TM-GEO-001,False,False,False,2,T003153;T003140,False,False,False,2,T003153;T003140,matched
C0100,TM-NET-001,True,True,False,2,T003153;T003150,True,True,False,2,T003153;T003150,matched
C0101,TM-FLOW-001,False,False,False,3,T003183;T003163;T003172,False,False,False,3,T003183;T003163;T003172,matched
C0101,TM-GEO-001,False,False,False,1,T003163,False,False,False,1,T003163,matched
C0101,TM-NET-001,False,False,False,1,T003183,False,False,False,1,T003183,matched
C0102,TM-FLOW-001,False,False,False,6,T003202;T003224;T003218;T003223;T003196;T003216,False,False,False,6,T003202;T003224;T003218;T003223;T003196;T003216,matched
C0102,TM-GEO-001,False,False,False,1,T003218,False,False,False,1,T003218,matched
C0102,TM-NET-001,True,True,False,5,T003202;T003224;T003223;T003196;T003216,True,True,False,5,T003202;T003224;T003223;T003196;T003216,matched
C0103,TM-FLOW-001,False,False,False,4,T003245;T003240;T003248;T003232,False,False,False,4,T003245;T003240;T003248;T003232,matched
C0103,TM-GEO-001,False,False,False,2,T003245;T003248,False,False,False,2,T003245;T003248,matched
C0103,TM-NET-001,True,True,False,2,T003245;T003248,True,True,False,2,T003245;T003248,matched
C0104,TM-FLOW-001,False,False,False,4,T003266;T003258;T003273;T003254,False,False,False,4,T003266;T003258;T003273;T003254,matched
C0104,TM-GEO-001,False,False,False,1,T003266,False,False,False,1,T003266,matched
C0104,TM-NET-001,True,True,False,2,T003266;T003273,True,True,False,2,T003266;T003273,matched
C0105,TM-FLOW-001,False,False,False,1,T003282,False,False,False,1,T003282,matched
C0105,TM-NET-001,False,False,False,1,T003282,False,False,False,1,T003282,matched
C0106,TM-FLOW-001,False,False,False,4,T003301;T003316;T003324;T003326,False,False,False,4,T003301;T003316;T003324;T003326,matched
C0106,TM-GEO-001,False,False,False,2,T003301;T003326,False,False,False,2,T003301;T003326,matched
C0106,TM-NET-001,True,True,False,2,T003301;T003326,True,True,False,2,T003301;T003326,matched
C0107,TM-FLOW-001,False,False,False,8,T003342;T003335;T003338;T003347;T003354;T003341;T003357;T003363,False,False,False,8,T003342;T003335;T003338;T003347;T003354;T003341;T003357;T003363,matched
C0107,TM-GEO-001,False,False,False,2,T003342;T003363,False,False,False,2,T003342;T003363,matched
C0107,TM-NET-001,True,True,False,4,T003342;T003335;T003341;T003357,True,True,False,4,T003342;T003335;T003341;T003357,matched
C0108,TM-FLOW-001,False,False,False,7,T003368;T003387;T003403;T003385;T003381;T003405;T003395,False,False,False,7,T003368;T003387;T003403;T003385;T003381;T003405;T003395,matched
C0108,TM-GEO-001,True,True,False,5,T003387;T003403;T003385;T003405;T003395,True,True,False,5,T003387;T003403;T003385;T003405;T003395,matched
C0108,TM-NET-001,True,True,False,5,T003368;T003387;T003403;T003385;T003381,True,True,False,5,T003368;T003387;T003403;T003385;T003381,matched
C0109,TM-FLOW-001,False,False,False,3,T003428;T003435;T003433,False,False,False,3,T003428;T003435;T003433,matched
C0109,TM-NET-001,False,False,False,1,T003433,False,False,False,1,T003433,matched
C0110,TM-FLOW-001,False,False,False,5,T003491;T003494;T003490;T003505;T003458,False,False,False,5,T003491;T003494;T003490;T003505;T003458,matched
C0110,TM-GEO-001,False,False,False,1,T003491,False,False,False,1,T003491,matched
C0110,TM-NET-001,True,True,False,2,T003490;T003505,True,True,False,2,T003490;T003505,matched
C0111,TM-FLOW-001,False,False,False,3,T003518;T003534;T003542,False,False,False,3,T003518;T003534;T003542,matched
C0111,TM-GEO-001,False,False,False,1,T003534,False,False,False,1,T003534,matched
C0111,TM-NET-001,True,True,False,3,T003518;T003534;T003542,True,True,False,3,T003518;T003534;T003542,matched
C0112,TM-FLOW-001,False,False,False,4,T003569;T003564;T003557;T003549,False,False,False,4,T003569;T003564;T003557;T003549,matched
C0112,TM-GEO-001,False,False,False,2,T003557;T003549,False,False,False,2,T003557;T003549,matched
C0112,TM-NET-001,True,True,False,3,T003569;T003564;T003549,True,True,False,3,T003569;T003564;T003549,matched
C0113,TM-FLOW-001,False,False,False,3,T003585;T003604;T003600,False,False,False,3,T003585;T003604;T003600,matched
C0113,TM-GEO-001,False,False,False,1,T003604,False,False,False,1,T003604,matched
C0113,TM-NET-001,False,False,False,1,T003585,False,False,False,1,T003585,matched
C0114,TM-FLOW-001,False,False,False,4,T003623;T003617;T003616;T003630,False,False,False,4,T003623;T003617;T003616;T003630,matched
C0114,TM-GEO-001,False,False,False,1,T003616,False,False,False,1,T003616,matched
C0114,TM-NET-001,False,False,False,1,T003617,False,False,False,1,T003617,matched
C0115,TM-FLOW-001,False,False,False,2,T003641;T003650,False,False,False,2,T003641;T003650,matched
C0115,TM-GEO-001,False,False,False,1,T003641,False,False,False,1,T003641,matched
C0115,TM-NET-001,False,False,False,1,T003650,False,False,False,1,T003650,matched
C0116,TM-FLOW-001,False,False,False,2,T003678;T003673,False,False,False,2,T003678;T003673,matched
C0117,TM-FLOW-001,False,False,False,2,T003703;T003709,False,False,False,2,T003703;T003709,matched
C0117,TM-GEO-001,False,False,False,1,T003709,False,False,False,1,T003709,matched
C0117,TM-NET-001,True,True,False,2,T003703;T003709,True,True,False,2,T003703;T003709,matched
C0118,TM-FLOW-001,False,False,False,2,T003734;T003762,False,False,False,2,T003734;T003762,matched
C0118,TM-GEO-001,False,False,False,1,T003734,False,False,False,1,T003734,matched
C0118,TM-NET-001,True,True,False,2,T003734;T003762,True,True,False,2,T003734;T003762,matched
C0119,TM-FLOW-001,False,False,False,4,T003772;T003783;T003773;T003780,False,False,False,4,T003772;T003783;T003773;T003780,matched
C0119,TM-GEO-001,False,False,False,2,T003783;T003780,False,False,False,2,T003783;T003780,matched
C0119,TM-NET-001,True,True,False,3,T003772;T003783;T003780,True,True,False,3,T003772;T003783;T003780,matched
C0120,TM-FLOW-001,False,False,False,3,T003817;T003821;T003798,False,False,False,3,T003817;T003821;T003798,matched
C0120,TM-NET-001,True,True,False,3,T003817;T003821;T003798,True,True,False,3,T003817;T003821;T003798,matched
